bot_id,name,category,description,language,default_voice
cce-01,Call Center E01,call_center,Call Center E01 · Call Center bots → Atención telefónica · Especialidad: Soporte multilingüe,es-ES,es-ES-Standard-A
cce-02,Call Center E02,call_center,Call Center E02 · Call Center bots → Atención telefónica · Especialidad: VIP hotline,es-ES,es-ES-Standard-A
cce-03,Call Center E03,call_center,Call Center E03 · Call Center bots → Atención telefónica · Especialidad: VIP hotline,es-ES,es-ES-Standard-A
cce-04,Call Center E04,call_center,Call Center E04 · Call Center bots → Atención telefónica · Especialidad: NPS follow‑up,es-ES,es-ES-Standard-A
cce-05,Call Center E05,call_center,Call Center E05 · Call Center bots → Atención telefónica · Especialidad: Soporte multilingüe,es-ES,es-ES-Standard-A
cce-06,Call Center E06,call_center,Call Center E06 · Call Center bots → Atención telefónica · Especialidad: NPS follow‑up,es-ES,es-ES-Standard-A
cce-07,Call Center E07,call_center,Call Center E07 · Call Center bots → Atención telefónica · Especialidad: VIP hotline,es-ES,es-ES-Standard-A
cce-08,Call Center E08,call_center,Call Center E08 · Call Center bots → Atención telefónica · Especialidad: NPS follow‑up,es-ES,es-ES-Standard-A
cce-09,Call Center E09,call_center,Call Center E09 · Call Center bots → Atención telefónica · Especialidad: Soporte multilingüe,es-ES,es-ES-Standard-A
cce-10,Call Center E10,call_center,Call Center E10 · Call Center bots → Atención telefónica · Especialidad: VIP hotline,es-ES,es-ES-Standard-A
cce-11,Call Center E11,call_center,Call Center E11 · Call Center bots → Atención telefónica · Especialidad: Upsell avanzado,es-ES,es-ES-Standard-A
cce-12,Call Center E12,call_center,Call Center E12 · Call Center bots → Atención telefónica · Especialidad: Soporte multilingüe,es-ES,es-ES-Standard-A
cce-13,Call Center E13,call_center,Call Center E13 · Call Center bots → Atención telefónica · Especialidad: Soporte multilingüe,es-ES,es-ES-Standard-A
cce-14,Call Center E14,call_center,Call Center E14 · Call Center bots → Atención telefónica · Especialidad: VIP hotline,es-ES,es-ES-Standard-A
cce-15,Call Center E15,call_center,Call Center E15 · Call Center bots → Atención telefónica · Especialidad: Upsell avanzado,es-ES,es-ES-Standard-A
cce-16,Call Center E16,call_center,Call Center E16 · Call Center bots → Atención telefónica · Especialidad: Upsell avanzado,es-ES,es-ES-Standard-A
cce-17,Call Center E17,call_center,Call Center E17 · Call Center bots → Atención telefónica · Especialidad: NPS follow‑up,es-ES,es-ES-Standard-A
cce-18,Call Center E18,call_center,Call Center E18 · Call Center bots → Atención telefónica · Especialidad: Reservas picos,es-ES,es-ES-Standard-A
cce-19,Call Center E19,call_center,Call Center E19 · Call Center bots → Atención telefónica · Especialidad: VIP hotline,es-ES,es-ES-Standard-A
cce-20,Call Center E20,call_center,Call Center E20 · Call Center bots → Atención telefónica · Especialidad: Reservas picos,es-ES,es-ES-Standard-A
cce-21,Call Center E21,call_center,Call Center E21 · Call Center bots → Atención telefónica · Especialidad: VIP hotline,es-ES,es-ES-Standard-A
cce-22,Call Center E22,call_center,Call Center E22 · Call Center bots → Atención telefónica · Especialidad: VIP hotline,es-ES,es-ES-Standard-A
cce-23,Call Center E23,call_center,Call Center E23 · Call Center bots → Atención telefónica · Especialidad: NPS follow‑up,es-ES,es-ES-Standard-A
cce-24,Call Center E24,call_center,Call Center E24 · Call Center bots → Atención telefónica · Especialidad: Upsell avanzado,es-ES,es-ES-Standard-A
cce-25,Call Center E25,call_center,Call Center E25 · Call Center bots → Atención telefónica · Especialidad: VIP hotline,es-ES,es-ES-Standard-A
cce-26,Call Center E26,call_center,Call Center E26 · Call Center bots → Atención telefónica · Especialidad: VIP hotline,es-ES,es-ES-Standard-A
cce-27,Call Center E27,call_center,Call Center E27 · Call Center bots → Atención telefónica · Especialidad: VIP hotline,es-ES,es-ES-Standard-A
cce-28,Call Center E28,call_center,Call Center E28 · Call Center bots → Atención telefónica · Especialidad: VIP hotline,es-ES,es-ES-Standard-A
cce-29,Call Center E29,call_center,Call Center E29 · Call Center bots → Atención telefónica · Especialidad: NPS follow‑up,es-ES,es-ES-Standard-A
cce-30,Call Center E30,call_center,Call Center E30 · Call Center bots → Atención telefónica · Especialidad: Soporte multilingüe,es-ES,es-ES-Standard-A
sae-01,Sales Agent E01,sales_agents,Sales Agent E01 · Sales Agents bots → Fuerza de ventas · Especialidad: Demo técnica,es-ES,es-ES-Standard-A
sae-02,Sales Agent E02,sales_agents,Sales Agent E02 · Sales Agents bots → Fuerza de ventas · Especialidad: Demo técnica,es-ES,es-ES-Standard-A
sae-03,Sales Agent E03,sales_agents,Sales Agent E03 · Sales Agents bots → Fuerza de ventas · Especialidad: ABM cuentas clave,es-ES,es-ES-Standard-A
sae-04,Sales Agent E04,sales_agents,Sales Agent E04 · Sales Agents bots → Fuerza de ventas · Especialidad: Prospección fría,es-ES,es-ES-Standard-A
sae-05,Sales Agent E05,sales_agents,Sales Agent E05 · Sales Agents bots → Fuerza de ventas · Especialidad: Renovaciones SaaS,es-ES,es-ES-Standard-A
sae-06,Sales Agent E06,sales_agents,Sales Agent E06 · Sales Agents bots → Fuerza de ventas · Especialidad: ABM cuentas clave,es-ES,es-ES-Standard-A
sae-07,Sales Agent E07,sales_agents,Sales Agent E07 · Sales Agents bots → Fuerza de ventas · Especialidad: Demo técnica,es-ES,es-ES-Standard-A
sae-08,Sales Agent E08,sales_agents,Sales Agent E08 · Sales Agents bots → Fuerza de ventas · Especialidad: ABM cuentas clave,es-ES,es-ES-Standard-A
sae-09,Sales Agent E09,sales_agents,Sales Agent E09 · Sales Agents bots → Fuerza de ventas · Especialidad: Demo técnica,es-ES,es-ES-Standard-A
sae-10,Sales Agent E10,sales_agents,Sales Agent E10 · Sales Agents bots → Fuerza de ventas · Especialidad: Demo técnica,es-ES,es-ES-Standard-A
sae-11,Sales Agent E11,sales_agents,Sales Agent E11 · Sales Agents bots → Fuerza de ventas · Especialidad: Prospección fría,es-ES,es-ES-Standard-A
sae-12,Sales Agent E12,sales_agents,Sales Agent E12 · Sales Agents bots → Fuerza de ventas · Especialidad: Prospección fría,es-ES,es-ES-Standard-A
sae-13,Sales Agent E13,sales_agents,Sales Agent E13 · Sales Agents bots → Fuerza de ventas · Especialidad: Renovaciones SaaS,es-ES,es-ES-Standard-A
sae-14,Sales Agent E14,sales_agents,Sales Agent E14 · Sales Agents bots → Fuerza de ventas · Especialidad: ABM cuentas clave,es-ES,es-ES-Standard-A
sae-15,Sales Agent E15,sales_agents,Sales Agent E15 · Sales Agents bots → Fuerza de ventas · Especialidad: Demo técnica,es-ES,es-ES-Standard-A
sae-16,Sales Agent E16,sales_agents,Sales Agent E16 · Sales Agents bots → Fuerza de ventas · Especialidad: ABM cuentas clave,es-ES,es-ES-Standard-A
sae-17,Sales Agent E17,sales_agents,Sales Agent E17 · Sales Agents bots → Fuerza de ventas · Especialidad: Demo técnica,es-ES,es-ES-Standard-A
sae-18,Sales Agent E18,sales_agents,Sales Agent E18 · Sales Agents bots → Fuerza de ventas · Especialidad: Prospección fría,es-ES,es-ES-Standard-A
sae-19,Sales Agent E19,sales_agents,Sales Agent E19 · Sales Agents bots → Fuerza de ventas · Especialidad: ABM cuentas clave,es-ES,es-ES-Standard-A
sae-20,Sales Agent E20,sales_agents,Sales Agent E20 · Sales Agents bots → Fuerza de ventas · Especialidad: Demo técnica,es-ES,es-ES-Standard-A
sae-21,Sales Agent E21,sales_agents,Sales Agent E21 · Sales Agents bots → Fuerza de ventas · Especialidad: ABM cuentas clave,es-ES,es-ES-Standard-A
sae-22,Sales Agent E22,sales_agents,Sales Agent E22 · Sales Agents bots → Fuerza de ventas · Especialidad: Demo técnica,es-ES,es-ES-Standard-A
sae-23,Sales Agent E23,sales_agents,Sales Agent E23 · Sales Agents bots → Fuerza de ventas · Especialidad: Prospección fría,es-ES,es-ES-Standard-A
sae-24,Sales Agent E24,sales_agents,Sales Agent E24 · Sales Agents bots → Fuerza de ventas · Especialidad: ABM cuentas clave,es-ES,es-ES-Standard-A
sae-25,Sales Agent E25,sales_agents,Sales Agent E25 · Sales Agents bots → Fuerza de ventas · Especialidad: Demo técnica,es-ES,es-ES-Standard-A
sae-26,Sales Agent E26,sales_agents,Sales Agent E26 · Sales Agents bots → Fuerza de ventas · Especialidad: Prospección fría,es-ES,es-ES-Standard-A
sae-27,Sales Agent E27,sales_agents,Sales Agent E27 · Sales Agents bots → Fuerza de ventas · Especialidad: Demo técnica,es-ES,es-ES-Standard-A
sae-28,Sales Agent E28,sales_agents,Sales Agent E28 · Sales Agents bots → Fuerza de ventas · Especialidad: Cierre consultivo,es-ES,es-ES-Standard-A
sae-29,Sales Agent E29,sales_agents,Sales Agent E29 · Sales Agents bots → Fuerza de ventas · Especialidad: Demo técnica,es-ES,es-ES-Standard-A
sae-30,Sales Agent E30,sales_agents,Sales Agent E30 · Sales Agents bots → Fuerza de ventas · Especialidad: Demo técnica,es-ES,es-ES-Standard-A
sae-31,Sales Agent E31,sales_agents,Sales Agent E31 · Sales Agents bots → Fuerza de ventas · Especialidad: ABM cuentas clave,es-ES,es-ES-Standard-A
sae-32,Sales Agent E32,sales_agents,Sales Agent E32 · Sales Agents bots → Fuerza de ventas · Especialidad: Renovaciones SaaS,es-ES,es-ES-Standard-A
sae-33,Sales Agent E33,sales_agents,Sales Agent E33 · Sales Agents bots → Fuerza de ventas · Especialidad: Renovaciones SaaS,es-ES,es-ES-Standard-A
sae-34,Sales Agent E34,sales_agents,Sales Agent E34 · Sales Agents bots → Fuerza de ventas · Especialidad: ABM cuentas clave,es-ES,es-ES-Standard-A
sae-35,Sales Agent E35,sales_agents,Sales Agent E35 · Sales Agents bots → Fuerza de ventas · Especialidad: Renovaciones SaaS,es-ES,es-ES-Standard-A
sae-36,Sales Agent E36,sales_agents,Sales Agent E36 · Sales Agents bots → Fuerza de ventas · Especialidad: ABM cuentas clave,es-ES,es-ES-Standard-A
sae-37,Sales Agent E37,sales_agents,Sales Agent E37 · Sales Agents bots → Fuerza de ventas · Especialidad: Renovaciones SaaS,es-ES,es-ES-Standard-A
sae-38,Sales Agent E38,sales_agents,Sales Agent E38 · Sales Agents bots → Fuerza de ventas · Especialidad: ABM cuentas clave,es-ES,es-ES-Standard-A
sae-39,Sales Agent E39,sales_agents,Sales Agent E39 · Sales Agents bots → Fuerza de ventas · Especialidad: ABM cuentas clave,es-ES,es-ES-Standard-A
sae-40,Sales Agent E40,sales_agents,Sales Agent E40 · Sales Agents bots → Fuerza de ventas · Especialidad: Demo técnica,es-ES,es-ES-Standard-A
wce-01,Web Chat E01,web_chat,Web Chat E01 · Web Chat bots → Asistencia web · Especialidad: Cobros + factura,es-ES,es-ES-Standard-A
wce-02,Web Chat E02,web_chat,Web Chat E02 · Web Chat bots → Asistencia web · Especialidad: Seguimiento omnicanal,es-ES,es-ES-Standard-A
wce-03,Web Chat E03,web_chat,Web Chat E03 · Web Chat bots → Asistencia web · Especialidad: Seguimiento omnicanal,es-ES,es-ES-Standard-A
wce-04,Web Chat E04,web_chat,Web Chat E04 · Web Chat bots → Asistencia web · Especialidad: Checkout asistido,es-ES,es-ES-Standard-A
wce-05,Web Chat E05,web_chat,Web Chat E05 · Web Chat bots → Asistencia web · Especialidad: Cobros + factura,es-ES,es-ES-Standard-A
wce-06,Web Chat E06,web_chat,Web Chat E06 · Web Chat bots → Asistencia web · Especialidad: FAQ dinámico,es-ES,es-ES-Standard-A
wce-07,Web Chat E07,web_chat,Web Chat E07 · Web Chat bots → Asistencia web · Especialidad: Onboarding guiado,es-ES,es-ES-Standard-A
wce-08,Web Chat E08,web_chat,Web Chat E08 · Web Chat bots → Asistencia web · Especialidad: Checkout asistido,es-ES,es-ES-Standard-A
wce-09,Web Chat E09,web_chat,Web Chat E09 · Web Chat bots → Asistencia web · Especialidad: Cobros + factura,es-ES,es-ES-Standard-A
wce-10,Web Chat E10,web_chat,Web Chat E10 · Web Chat bots → Asistencia web · Especialidad: FAQ dinámico,es-ES,es-ES-Standard-A
wce-11,Web Chat E11,web_chat,Web Chat E11 · Web Chat bots → Asistencia web · Especialidad: Onboarding guiado,es-ES,es-ES-Standard-A
wce-12,Web Chat E12,web_chat,Web Chat E12 · Web Chat bots → Asistencia web · Especialidad: Onboarding guiado,es-ES,es-ES-Standard-A
wce-13,Web Chat E13,web_chat,Web Chat E13 · Web Chat bots → Asistencia web · Especialidad: FAQ dinámico,es-ES,es-ES-Standard-A
wce-14,Web Chat E14,web_chat,Web Chat E14 · Web Chat bots → Asistencia web · Especialidad: Checkout asistido,es-ES,es-ES-Standard-A
wce-15,Web Chat E15,web_chat,Web Chat E15 · Web Chat bots → Asistencia web · Especialidad: Onboarding guiado,es-ES,es-ES-Standard-A
wce-16,Web Chat E16,web_chat,Web Chat E16 · Web Chat bots → Asistencia web · Especialidad: FAQ dinámico,es-ES,es-ES-Standard-A
wce-17,Web Chat E17,web_chat,Web Chat E17 · Web Chat bots → Asistencia web · Especialidad: Checkout asistido,es-ES,es-ES-Standard-A
wce-18,Web Chat E18,web_chat,Web Chat E18 · Web Chat bots → Asistencia web · Especialidad: Seguimiento omnicanal,es-ES,es-ES-Standard-A
wce-19,Web Chat E19,web_chat,Web Chat E19 · Web Chat bots → Asistencia web · Especialidad: Seguimiento omnicanal,es-ES,es-ES-Standard-A
wce-20,Web Chat E20,web_chat,Web Chat E20 · Web Chat bots → Asistencia web · Especialidad: Seguimiento omnicanal,es-ES,es-ES-Standard-A
wce-21,Web Chat E21,web_chat,Web Chat E21 · Web Chat bots → Asistencia web · Especialidad: Seguimiento omnicanal,es-ES,es-ES-Standard-A
wce-22,Web Chat E22,web_chat,Web Chat E22 · Web Chat bots → Asistencia web · Especialidad: Cobros + factura,es-ES,es-ES-Standard-A
wce-23,Web Chat E23,web_chat,Web Chat E23 · Web Chat bots → Asistencia web · Especialidad: Onboarding guiado,es-ES,es-ES-Standard-A
wce-24,Web Chat E24,web_chat,Web Chat E24 · Web Chat bots → Asistencia web · Especialidad: Seguimiento omnicanal,es-ES,es-ES-Standard-A
wce-25,Web Chat E25,web_chat,Web Chat E25 · Web Chat bots → Asistencia web · Especialidad: FAQ dinámico,es-ES,es-ES-Standard-A
wce-26,Web Chat E26,web_chat,Web Chat E26 · Web Chat bots → Asistencia web · Especialidad: Seguimiento omnicanal,es-ES,es-ES-Standard-A
wce-27,Web Chat E27,web_chat,Web Chat E27 · Web Chat bots → Asistencia web · Especialidad: Cobros + factura,es-ES,es-ES-Standard-A
wce-28,Web Chat E28,web_chat,Web Chat E28 · Web Chat bots → Asistencia web · Especialidad: Onboarding guiado,es-ES,es-ES-Standard-A
wce-29,Web Chat E29,web_chat,Web Chat E29 · Web Chat bots → Asistencia web · Especialidad: Seguimiento omnicanal,es-ES,es-ES-Standard-A
wce-30,Web Chat E30,web_chat,Web Chat E30 · Web Chat bots → Asistencia web · Especialidad: Onboarding guiado,es-ES,es-ES-Standard-A
wce-31,Web Chat E31,web_chat,Web Chat E31 · Web Chat bots → Asistencia web · Especialidad: Seguimiento omnicanal,es-ES,es-ES-Standard-A
wce-32,Web Chat E32,web_chat,Web Chat E32 · Web Chat bots → Asistencia web · Especialidad: Cobros + factura,es-ES,es-ES-Standard-A
wce-33,Web Chat E33,web_chat,Web Chat E33 · Web Chat bots → Asistencia web · Especialidad: FAQ dinámico,es-ES,es-ES-Standard-A
wce-34,Web Chat E34,web_chat,Web Chat E34 · Web Chat bots → Asistencia web · Especialidad: Cobros + factura,es-ES,es-ES-Standard-A
wce-35,Web Chat E35,web_chat,Web Chat E35 · Web Chat bots → Asistencia web · Especialidad: FAQ dinámico,es-ES,es-ES-Standard-A
wce-36,Web Chat E36,web_chat,Web Chat E36 · Web Chat bots → Asistencia web · Especialidad: Checkout asistido,es-ES,es-ES-Standard-A
wce-37,Web Chat E37,web_chat,Web Chat E37 · Web Chat bots → Asistencia web · Especialidad: Checkout asistido,es-ES,es-ES-Standard-A
wce-38,Web Chat E38,web_chat,Web Chat E38 · Web Chat bots → Asistencia web · Especialidad: FAQ dinámico,es-ES,es-ES-Standard-A
wce-39,Web Chat E39,web_chat,Web Chat E39 · Web Chat bots → Asistencia web · Especialidad: Checkout asistido,es-ES,es-ES-Standard-A
wce-40,Web Chat E40,web_chat,Web Chat E40 · Web Chat bots → Asistencia web · Especialidad: Seguimiento omnicanal,es-ES,es-ES-Standard-A
wce-41,Web Chat E41,web_chat,Web Chat E41 · Web Chat bots → Asistencia web · Especialidad: Checkout asistido,es-ES,es-ES-Standard-A
wce-42,Web Chat E42,web_chat,Web Chat E42 · Web Chat bots → Asistencia web · Especialidad: Cobros + factura,es-ES,es-ES-Standard-A
wce-43,Web Chat E43,web_chat,Web Chat E43 · Web Chat bots → Asistencia web · Especialidad: Checkout asistido,es-ES,es-ES-Standard-A
wce-44,Web Chat E44,web_chat,Web Chat E44 · Web Chat bots → Asistencia web · Especialidad: Seguimiento omnicanal,es-ES,es-ES-Standard-A
wce-45,Web Chat E45,web_chat,Web Chat E45 · Web Chat bots → Asistencia web · Especialidad: Seguimiento omnicanal,es-ES,es-ES-Standard-A
wce-46,Web Chat E46,web_chat,Web Chat E46 · Web Chat bots → Asistencia web · Especialidad: Onboarding guiado,es-ES,es-ES-Standard-A
wce-47,Web Chat E47,web_chat,Web Chat E47 · Web Chat bots → Asistencia web · Especialidad: Onboarding guiado,es-ES,es-ES-Standard-A
wce-48,Web Chat E48,web_chat,Web Chat E48 · Web Chat bots → Asistencia web · Especialidad: Onboarding guiado,es-ES,es-ES-Standard-A
wce-49,Web Chat E49,web_chat,Web Chat E49 · Web Chat bots → Asistencia web · Especialidad: Onboarding guiado,es-ES,es-ES-Standard-A
wce-50,Web Chat E50,web_chat,Web Chat E50 · Web Chat bots → Asistencia web · Especialidad: Cobros + factura,es-ES,es-ES-Standard-A
tse-01,Tech Support E01,tech_support,Tech Support E01 · Technical Support bots → Soporte técnico · Especialidad: SLA manager,es-ES,es-ES-Standard-A
tse-02,Tech Support E02,tech_support,Tech Support E02 · Technical Support bots → Soporte técnico · Especialidad: Dev handoff,es-ES,es-ES-Standard-A
tse-03,Tech Support E03,tech_support,Tech Support E03 · Technical Support bots → Soporte técnico · Especialidad: RMA/garantías,es-ES,es-ES-Standard-A
tse-04,Tech Support E04,tech_support,Tech Support E04 · Technical Support bots → Soporte técnico · Especialidad: Nivel 2 diagnóstico,es-ES,es-ES-Standard-A
tse-05,Tech Support E05,tech_support,Tech Support E05 · Technical Support bots → Soporte técnico · Especialidad: Dev handoff,es-ES,es-ES-Standard-A
tse-06,Tech Support E06,tech_support,Tech Support E06 · Technical Support bots → Soporte técnico · Especialidad: Nivel 1 screening,es-ES,es-ES-Standard-A
tse-07,Tech Support E07,tech_support,Tech Support E07 · Technical Support bots → Soporte técnico · Especialidad: SLA manager,es-ES,es-ES-Standard-A
tse-08,Tech Support E08,tech_support,Tech Support E08 · Technical Support bots → Soporte técnico · Especialidad: Dev handoff,es-ES,es-ES-Standard-A
tse-09,Tech Support E09,tech_support,Tech Support E09 · Technical Support bots → Soporte técnico · Especialidad: Nivel 1 screening,es-ES,es-ES-Standard-A
tse-10,Tech Support E10,tech_support,Tech Support E10 · Technical Support bots → Soporte técnico · Especialidad: Nivel 2 diagnóstico,es-ES,es-ES-Standard-A
tse-11,Tech Support E11,tech_support,Tech Support E11 · Technical Support bots → Soporte técnico · Especialidad: Nivel 2 diagnóstico,es-ES,es-ES-Standard-A
tse-12,Tech Support E12,tech_support,Tech Support E12 · Technical Support bots → Soporte técnico · Especialidad: Dev handoff,es-ES,es-ES-Standard-A
tse-13,Tech Support E13,tech_support,Tech Support E13 · Technical Support bots → Soporte técnico · Especialidad: Dev handoff,es-ES,es-ES-Standard-A
tse-14,Tech Support E14,tech_support,Tech Support E14 · Technical Support bots → Soporte técnico · Especialidad: Dev handoff,es-ES,es-ES-Standard-A
tse-15,Tech Support E15,tech_support,Tech Support E15 · Technical Support bots → Soporte técnico · Especialidad: Nivel 2 diagnóstico,es-ES,es-ES-Standard-A
tse-16,Tech Support E16,tech_support,Tech Support E16 · Technical Support bots → Soporte técnico · Especialidad: RMA/garantías,es-ES,es-ES-Standard-A
tse-17,Tech Support E17,tech_support,Tech Support E17 · Technical Support bots → Soporte técnico · Especialidad: RMA/garantías,es-ES,es-ES-Standard-A
tse-18,Tech Support E18,tech_support,Tech Support E18 · Technical Support bots → Soporte técnico · Especialidad: Nivel 1 screening,es-ES,es-ES-Standard-A
tse-19,Tech Support E19,tech_support,Tech Support E19 · Technical Support bots → Soporte técnico · Especialidad: Nivel 2 diagnóstico,es-ES,es-ES-Standard-A
tse-20,Tech Support E20,tech_support,Tech Support E20 · Technical Support bots → Soporte técnico · Especialidad: SLA manager,es-ES,es-ES-Standard-A
tse-21,Tech Support E21,tech_support,Tech Support E21 · Technical Support bots → Soporte técnico · Especialidad: Nivel 2 diagnóstico,es-ES,es-ES-Standard-A
tse-22,Tech Support E22,tech_support,Tech Support E22 · Technical Support bots → Soporte técnico · Especialidad: SLA manager,es-ES,es-ES-Standard-A
tse-23,Tech Support E23,tech_support,Tech Support E23 · Technical Support bots → Soporte técnico · Especialidad: SLA manager,es-ES,es-ES-Standard-A
tse-24,Tech Support E24,tech_support,Tech Support E24 · Technical Support bots → Soporte técnico · Especialidad: Nivel 2 diagnóstico,es-ES,es-ES-Standard-A
tse-25,Tech Support E25,tech_support,Tech Support E25 · Technical Support bots → Soporte técnico · Especialidad: Nivel 2 diagnóstico,es-ES,es-ES-Standard-A
tse-26,Tech Support E26,tech_support,Tech Support E26 · Technical Support bots → Soporte técnico · Especialidad: Nivel 1 screening,es-ES,es-ES-Standard-A
tse-27,Tech Support E27,tech_support,Tech Support E27 · Technical Support bots → Soporte técnico · Especialidad: Nivel 1 screening,es-ES,es-ES-Standard-A
tse-28,Tech Support E28,tech_support,Tech Support E28 · Technical Support bots → Soporte técnico · Especialidad: Nivel 1 screening,es-ES,es-ES-Standard-A
tse-29,Tech Support E29,tech_support,Tech Support E29 · Technical Support bots → Soporte técnico · Especialidad: Nivel 2 diagnóstico,es-ES,es-ES-Standard-A
tse-30,Tech Support E30,tech_support,Tech Support E30 · Technical Support bots → Soporte técnico · Especialidad: SLA manager,es-ES,es-ES-Standard-A
tse-31,Tech Support E31,tech_support,Tech Support E31 · Technical Support bots → Soporte técnico · Especialidad: Nivel 2 diagnóstico,es-ES,es-ES-Standard-A
tse-32,Tech Support E32,tech_support,Tech Support E32 · Technical Support bots → Soporte técnico · Especialidad: RMA/garantías,es-ES,es-ES-Standard-A
sse-01,Sector Expert E01,sector_specialists,Sector Expert E01 · Sector Specialist bots → Expertos por industria · Especialidad: Turismo,es-ES,es-ES-Standard-A
sse-02,Sector Expert E02,sector_specialists,Sector Expert E02 · Sector Specialist bots → Expertos por industria · Especialidad: Educación,es-ES,es-ES-Standard-A
sse-03,Sector Expert E03,sector_specialists,Sector Expert E03 · Sector Specialist bots → Expertos por industria · Especialidad: Retail,es-ES,es-ES-Standard-A
sse-04,Sector Expert E04,sector_specialists,Sector Expert E04 · Sector Specialist bots → Expertos por industria · Especialidad: Hoteles,es-ES,es-ES-Standard-A
sse-05,Sector Expert E05,sector_specialists,Sector Expert E05 · Sector Specialist bots → Expertos por industria · Especialidad: Turismo,es-ES,es-ES-Standard-A
sse-06,Sector Expert E06,sector_specialists,Sector Expert E06 · Sector Specialist bots → Expertos por industria · Especialidad: Educación,es-ES,es-ES-Standard-A
sse-07,Sector Expert E07,sector_specialists,Sector Expert E07 · Sector Specialist bots → Expertos por industria · Especialidad: Salud,es-ES,es-ES-Standard-A
sse-08,Sector Expert E08,sector_specialists,Sector Expert E08 · Sector Specialist bots → Expertos por industria · Especialidad: Turismo,es-ES,es-ES-Standard-A
sse-09,Sector Expert E09,sector_specialists,Sector Expert E09 · Sector Specialist bots → Expertos por industria · Especialidad: Eventos,es-ES,es-ES-Standard-A
sse-10,Sector Expert E10,sector_specialists,Sector Expert E10 · Sector Specialist bots → Expertos por industria · Especialidad: Restauración,es-ES,es-ES-Standard-A
sse-11,Sector Expert E11,sector_specialists,Sector Expert E11 · Sector Specialist bots → Expertos por industria · Especialidad: Restauración,es-ES,es-ES-Standard-A
sse-12,Sector Expert E12,sector_specialists,Sector Expert E12 · Sector Specialist bots → Expertos por industria · Especialidad: Educación,es-ES,es-ES-Standard-A
sse-13,Sector Expert E13,sector_specialists,Sector Expert E13 · Sector Specialist bots → Expertos por industria · Especialidad: Eventos,es-ES,es-ES-Standard-A
sse-14,Sector Expert E14,sector_specialists,Sector Expert E14 · Sector Specialist bots → Expertos por industria · Especialidad: Turismo,es-ES,es-ES-Standard-A
sse-15,Sector Expert E15,sector_specialists,Sector Expert E15 · Sector Specialist bots → Expertos por industria · Especialidad: Educación,es-ES,es-ES-Standard-A
sse-16,Sector Expert E16,sector_specialists,Sector Expert E16 · Sector Specialist bots → Expertos por industria · Especialidad: Eventos,es-ES,es-ES-Standard-A
sse-17,Sector Expert E17,sector_specialists,Sector Expert E17 · Sector Specialist bots → Expertos por industria · Especialidad: Real Estate,es-ES,es-ES-Standard-A
sse-18,Sector Expert E18,sector_specialists,Sector Expert E18 · Sector Specialist bots → Expertos por industria · Especialidad: Restauración,es-ES,es-ES-Standard-A
sse-19,Sector Expert E19,sector_specialists,Sector Expert E19 · Sector Specialist bots → Expertos por industria · Especialidad: Real Estate,es-ES,es-ES-Standard-A
sse-20,Sector Expert E20,sector_specialists,Sector Expert E20 · Sector Specialist bots → Expertos por industria · Especialidad: Eventos,es-ES,es-ES-Standard-A
sse-21,Sector Expert E21,sector_specialists,Sector Expert E21 · Sector Specialist bots → Expertos por industria · Especialidad: Turismo,es-ES,es-ES-Standard-A
sse-22,Sector Expert E22,sector_specialists,Sector Expert E22 · Sector Specialist bots → Expertos por industria · Especialidad: Restauración,es-ES,es-ES-Standard-A
sse-23,Sector Expert E23,sector_specialists,Sector Expert E23 · Sector Specialist bots → Expertos por industria · Especialidad: Restauración,es-ES,es-ES-Standard-A
sse-24,Sector Expert E24,sector_specialists,Sector Expert E24 · Sector Specialist bots → Expertos por industria · Especialidad: Turismo,es-ES,es-ES-Standard-A
sse-25,Sector Expert E25,sector_specialists,Sector Expert E25 · Sector Specialist bots → Expertos por industria · Especialidad: Salud,es-ES,es-ES-Standard-A
sse-26,Sector Expert E26,sector_specialists,Sector Expert E26 · Sector Specialist bots → Expertos por industria · Especialidad: Real Estate,es-ES,es-ES-Standard-A
sse-27,Sector Expert E27,sector_specialists,Sector Expert E27 · Sector Specialist bots → Expertos por industria · Especialidad: Real Estate,es-ES,es-ES-Standard-A
sse-28,Sector Expert E28,sector_specialists,Sector Expert E28 · Sector Specialist bots → Expertos por industria · Especialidad: Retail,es-ES,es-ES-Standard-A
ade-01,Admin Ops E01,administrative,Admin Ops E01 · Administrative bots → Operaciones corporativas · Especialidad: RRHH,es-ES,es-ES-Standard-A
ade-02,Admin Ops E02,administrative,Admin Ops E02 · Administrative bots → Operaciones corporativas · Especialidad: Compras,es-ES,es-ES-Standard-A
ade-03,Admin Ops E03,administrative,Admin Ops E03 · Administrative bots → Operaciones corporativas · Especialidad: Agenda inteligente,es-ES,es-ES-Standard-A
ade-04,Admin Ops E04,administrative,Admin Ops E04 · Administrative bots → Operaciones corporativas · Especialidad: Contratación,es-ES,es-ES-Standard-A
ade-05,Admin Ops E05,administrative,Admin Ops E05 · Administrative bots → Operaciones corporativas · Especialidad: RRHH,es-ES,es-ES-Standard-A
ade-06,Admin Ops E06,administrative,Admin Ops E06 · Administrative bots → Operaciones corporativas · Especialidad: Contratación,es-ES,es-ES-Standard-A
ade-07,Admin Ops E07,administrative,Admin Ops E07 · Administrative bots → Operaciones corporativas · Especialidad: Facturación,es-ES,es-ES-Standard-A
ade-08,Admin Ops E08,administrative,Admin Ops E08 · Administrative bots → Operaciones corporativas · Especialidad: Compras,es-ES,es-ES-Standard-A
ade-09,Admin Ops E09,administrative,Admin Ops E09 · Administrative bots → Operaciones corporativas · Especialidad: Agenda inteligente,es-ES,es-ES-Standard-A
ade-10,Admin Ops E10,administrative,Admin Ops E10 · Administrative bots → Operaciones corporativas · Especialidad: Contratación,es-ES,es-ES-Standard-A
ade-11,Admin Ops E11,administrative,Admin Ops E11 · Administrative bots → Operaciones corporativas · Especialidad: Contratación,es-ES,es-ES-Standard-A
ade-12,Admin Ops E12,administrative,Admin Ops E12 · Administrative bots → Operaciones corporativas · Especialidad: Compliance,es-ES,es-ES-Standard-A
ade-13,Admin Ops E13,administrative,Admin Ops E13 · Administrative bots → Operaciones corporativas · Especialidad: Facturación,es-ES,es-ES-Standard-A
ade-14,Admin Ops E14,administrative,Admin Ops E14 · Administrative bots → Operaciones corporativas · Especialidad: Contratación,es-ES,es-ES-Standard-A
ade-15,Admin Ops E15,administrative,Admin Ops E15 · Administrative bots → Operaciones corporativas · Especialidad: Compras,es-ES,es-ES-Standard-A
ade-16,Admin Ops E16,administrative,Admin Ops E16 · Administrative bots → Operaciones corporativas · Especialidad: Contratación,es-ES,es-ES-Standard-A
ade-17,Admin Ops E17,administrative,Admin Ops E17 · Administrative bots → Operaciones corporativas · Especialidad: RRHH,es-ES,es-ES-Standard-A
ade-18,Admin Ops E18,administrative,Admin Ops E18 · Administrative bots → Operaciones corporativas · Especialidad: Facturación,es-ES,es-ES-Standard-A
ade-19,Admin Ops E19,administrative,Admin Ops E19 · Administrative bots → Operaciones corporativas · Especialidad: Agenda inteligente,es-ES,es-ES-Standard-A
ade-20,Admin Ops E20,administrative,Admin Ops E20 · Administrative bots → Operaciones corporativas · Especialidad: RRHH,es-ES,es-ES-Standard-A
