[
  {
    "bot_id": "cce-01",
    "name": "Call Center E01",
    "category": "call_center",
    "description": "Call Center E01 · Call Center bots → Atención telefónica · Especialidad: Soporte multilingüe",
    "language": "es-ES",
    "default_voice": "es-ES-Standard-A"
  },
  {
    "bot_id": "cce-02",
    "name": "Call Center E02",
    "category": "call_center",
    "description": "Call Center E02 · Call Center bots → Atención telefónica · Especialidad: VIP hotline",
    "language": "es-ES",
    "default_voice": "es-ES-Standard-A"
  },
  {
    "bot_id": "cce-03",
    "name": "Call Center E03",
    "category": "call_center",
    "description": "Call Center E03 · Call Center bots → Atención telefónica · Especialidad: VIP hotline",
    "language": "es-ES",
    "default_voice": "es-ES-Standard-A"
  },
  {
    "bot_id": "cce-04",
    "name": "Call Center E04",
    "category": "call_center",
    "description": "Call Center E04 · Call Center bots → Atención telefónica · Especialidad: NPS follow‑up",
    "language": "es-ES",
    "default_voice": "es-ES-Standard-A"
  },
  {
    "bot_id": "cce-05",
    "name": "Call Center E05",
    "category": "call_center",
    "description": "Call Center E05 · Call Center bots → Atención telefónica · Especialidad: Soporte multilingüe",
    "language": "es-ES",
    "default_voice": "es-ES-Standard-A"
  },
  {
    "bot_id": "cce-06",
    "name": "Call Center E06",
    "category": "call_center",
    "description": "Call Center E06 · Call Center bots → Atención telefónica · Especialidad: NPS follow‑up",
    "language": "es-ES",
    "default_voice": "es-ES-Standard-A"
  },
  {
    "bot_id": "cce-07",
    "name": "Call Center E07",
    "category": "call_center",
    "description": "Call Center E07 · Call Center bots → Atención telefónica · Especialidad: VIP hotline",
    "language": "es-ES",
    "default_voice": "es-ES-Standard-A"
  },
  {
    "bot_id": "cce-08",
    "name": "Call Center E08",
    "category": "call_center",
    "description": "Call Center E08 · Call Center bots → Atención telefónica · Especialidad: NPS follow‑up",
    "language": "es-ES",
    "default_voice": "es-ES-Standard-A"
  },
  {
    "bot_id": "cce-09",
    "name": "Call Center E09",
    "category": "call_center",
    "description": "Call Center E09 · Call Center bots → Atención telefónica · Especialidad: Soporte multilingüe",
    "language": "es-ES",
    "default_voice": "es-ES-Standard-A"
  },
  {
    "bot_id": "cce-10",
    "name": "Call Center E10",
    "category": "call_center",
    "description": "Call Center E10 · Call Center bots → Atención telefónica · Especialidad: VIP hotline",
    "language": "es-ES",
    "default_voice": "es-ES-Standard-A"
  },
  {
    "bot_id": "cce-11",
    "name": "Call Center E11",
    "category": "call_center",
    "description": "Call Center E11 · Call Center bots → Atención telefónica · Especialidad: Upsell avanzado",
    "language": "es-ES",
    "default_voice": "es-ES-Standard-A"
  },
  {
    "bot_id": "cce-12",
    "name": "Call Center E12",
    "category": "call_center",
    "description": "Call Center E12 · Call Center bots → Atención telefónica · Especialidad: Soporte multilingüe",
    "language": "es-ES",
    "default_voice": "es-ES-Standard-A"
  },
  {
    "bot_id": "cce-13",
    "name": "Call Center E13",
    "category": "call_center",
    "description": "Call Center E13 · Call Center bots → Atención telefónica · Especialidad: Soporte multilingüe",
    "language": "es-ES",
    "default_voice": "es-ES-Standard-A"
  },
  {
    "bot_id": "cce-14",
    "name": "Call Center E14",
    "category": "call_center",
    "description": "Call Center E14 · Call Center bots → Atención telefónica · Especialidad: VIP hotline",
    "language": "es-ES",
    "default_voice": "es-ES-Standard-A"
  },
  {
    "bot_id": "cce-15",
    "name": "Call Center E15",
    "category": "call_center",
    "description": "Call Center E15 · Call Center bots → Atención telefónica · Especialidad: Upsell avanzado",
    "language": "es-ES",
    "default_voice": "es-ES-Standard-A"
  },
  {
    "bot_id": "cce-16",
    "name": "Call Center E16",
    "category": "call_center",
    "description": "Call Center E16 · Call Center bots → Atención telefónica · Especialidad: Upsell avanzado",
    "language": "es-ES",
    "default_voice": "es-ES-Standard-A"
  },
  {
    "bot_id": "cce-17",
    "name": "Call Center E17",
    "category": "call_center",
    "description": "Call Center E17 · Call Center bots → Atención telefónica · Especialidad: NPS follow‑up",
    "language": "es-ES",
    "default_voice": "es-ES-Standard-A"
  },
  {
    "bot_id": "cce-18",
    "name": "Call Center E18",
    "category": "call_center",
    "description": "Call Center E18 · Call Center bots → Atención telefónica · Especialidad: Reservas picos",
    "language": "es-ES",
    "default_voice": "es-ES-Standard-A"
  },
  {
    "bot_id": "cce-19",
    "name": "Call Center E19",
    "category": "call_center",
    "description": "Call Center E19 · Call Center bots → Atención telefónica · Especialidad: VIP hotline",
    "language": "es-ES",
    "default_voice": "es-ES-Standard-A"
  },
  {
    "bot_id": "cce-20",
    "name": "Call Center E20",
    "category": "call_center",
    "description": "Call Center E20 · Call Center bots → Atención telefónica · Especialidad: Reservas picos",
    "language": "es-ES",
    "default_voice": "es-ES-Standard-A"
  },
  {
    "bot_id": "cce-21",
    "name": "Call Center E21",
    "category": "call_center",
    "description": "Call Center E21 · Call Center bots → Atención telefónica · Especialidad: VIP hotline",
    "language": "es-ES",
    "default_voice": "es-ES-Standard-A"
  },
  {
    "bot_id": "cce-22",
    "name": "Call Center E22",
    "category": "call_center",
    "description": "Call Center E22 · Call Center bots → Atención telefónica · Especialidad: VIP hotline",
    "language": "es-ES",
    "default_voice": "es-ES-Standard-A"
  },
  {
    "bot_id": "cce-23",
    "name": "Call Center E23",
    "category": "call_center",
    "description": "Call Center E23 · Call Center bots → Atención telefónica · Especialidad: NPS follow‑up",
    "language": "es-ES",
    "default_voice": "es-ES-Standard-A"
  },
  {
    "bot_id": "cce-24",
    "name": "Call Center E24",
    "category": "call_center",
    "description": "Call Center E24 · Call Center bots → Atención telefónica · Especialidad: Upsell avanzado",
    "language": "es-ES",
    "default_voice": "es-ES-Standard-A"
  },
  {
    "bot_id": "cce-25",
    "name": "Call Center E25",
    "category": "call_center",
    "description": "Call Center E25 · Call Center bots → Atención telefónica · Especialidad: VIP hotline",
    "language": "es-ES",
    "default_voice": "es-ES-Standard-A"
  },
  {
    "bot_id": "cce-26",
    "name": "Call Center E26",
    "category": "call_center",
    "description": "Call Center E26 · Call Center bots → Atención telefónica · Especialidad: VIP hotline",
    "language": "es-ES",
    "default_voice": "es-ES-Standard-A"
  },
  {
    "bot_id": "cce-27",
    "name": "Call Center E27",
    "category": "call_center",
    "description": "Call Center E27 · Call Center bots → Atención telefónica · Especialidad: VIP hotline",
    "language": "es-ES",
    "default_voice": "es-ES-Standard-A"
  },
  {
    "bot_id": "cce-28",
    "name": "Call Center E28",
    "category": "call_center",
    "description": "Call Center E28 · Call Center bots → Atención telefónica · Especialidad: VIP hotline",
    "language": "es-ES",
    "default_voice": "es-ES-Standard-A"
  },
  {
    "bot_id": "cce-29",
    "name": "Call Center E29",
    "category": "call_center",
    "description": "Call Center E29 · Call Center bots → Atención telefónica · Especialidad: NPS follow‑up",
    "language": "es-ES",
    "default_voice": "es-ES-Standard-A"
  },
  {
    "bot_id": "cce-30",
    "name": "Call Center E30",
    "category": "call_center",
    "description": "Call Center E30 · Call Center bots → Atención telefónica · Especialidad: Soporte multilingüe",
    "language": "es-ES",
    "default_voice": "es-ES-Standard-A"
  },
  {
    "bot_id": "sae-01",
    "name": "Sales Agent E01",
    "category": "sales_agents",
    "description": "Sales Agent E01 · Sales Agents bots → Fuerza de ventas · Especialidad: Demo técnica",
    "language": "es-ES",
    "default_voice": "es-ES-Standard-A"
  },
  {
    "bot_id": "sae-02",
    "name": "Sales Agent E02",
    "category": "sales_agents",
    "description": "Sales Agent E02 · Sales Agents bots → Fuerza de ventas · Especialidad: Demo técnica",
    "language": "es-ES",
    "default_voice": "es-ES-Standard-A"
  },
  {
    "bot_id": "sae-03",
    "name": "Sales Agent E03",
    "category": "sales_agents",
    "description": "Sales Agent E03 · Sales Agents bots → Fuerza de ventas · Especialidad: ABM cuentas clave",
    "language": "es-ES",
    "default_voice": "es-ES-Standard-A"
  },
  {
    "bot_id": "sae-04",
    "name": "Sales Agent E04",
    "category": "sales_agents",
    "description": "Sales Agent E04 · Sales Agents bots → Fuerza de ventas · Especialidad: Prospección fría",
    "language": "es-ES",
    "default_voice": "es-ES-Standard-A"
  },
  {
    "bot_id": "sae-05",
    "name": "Sales Agent E05",
    "category": "sales_agents",
    "description": "Sales Agent E05 · Sales Agents bots → Fuerza de ventas · Especialidad: Renovaciones SaaS",
    "language": "es-ES",
    "default_voice": "es-ES-Standard-A"
  },
  {
    "bot_id": "sae-06",
    "name": "Sales Agent E06",
    "category": "sales_agents",
    "description": "Sales Agent E06 · Sales Agents bots → Fuerza de ventas · Especialidad: ABM cuentas clave",
    "language": "es-ES",
    "default_voice": "es-ES-Standard-A"
  },
  {
    "bot_id": "sae-07",
    "name": "Sales Agent E07",
    "category": "sales_agents",
    "description": "Sales Agent E07 · Sales Agents bots → Fuerza de ventas · Especialidad: Demo técnica",
    "language": "es-ES",
    "default_voice": "es-ES-Standard-A"
  },
  {
    "bot_id": "sae-08",
    "name": "Sales Agent E08",
    "category": "sales_agents",
    "description": "Sales Agent E08 · Sales Agents bots → Fuerza de ventas · Especialidad: ABM cuentas clave",
    "language": "es-ES",
    "default_voice": "es-ES-Standard-A"
  },
  {
    "bot_id": "sae-09",
    "name": "Sales Agent E09",
    "category": "sales_agents",
    "description": "Sales Agent E09 · Sales Agents bots → Fuerza de ventas · Especialidad: Demo técnica",
    "language": "es-ES",
    "default_voice": "es-ES-Standard-A"
  },
  {
    "bot_id": "sae-10",
    "name": "Sales Agent E10",
    "category": "sales_agents",
    "description": "Sales Agent E10 · Sales Agents bots → Fuerza de ventas · Especialidad: Demo técnica",
    "language": "es-ES",
    "default_voice": "es-ES-Standard-A"
  },
  {
    "bot_id": "sae-11",
    "name": "Sales Agent E11",
    "category": "sales_agents",
    "description": "Sales Agent E11 · Sales Agents bots → Fuerza de ventas · Especialidad: Prospección fría",
    "language": "es-ES",
    "default_voice": "es-ES-Standard-A"
  },
  {
    "bot_id": "sae-12",
    "name": "Sales Agent E12",
    "category": "sales_agents",
    "description": "Sales Agent E12 · Sales Agents bots → Fuerza de ventas · Especialidad: Prospección fría",
    "language": "es-ES",
    "default_voice": "es-ES-Standard-A"
  },
  {
    "bot_id": "sae-13",
    "name": "Sales Agent E13",
    "category": "sales_agents",
    "description": "Sales Agent E13 · Sales Agents bots → Fuerza de ventas · Especialidad: Renovaciones SaaS",
    "language": "es-ES",
    "default_voice": "es-ES-Standard-A"
  },
  {
    "bot_id": "sae-14",
    "name": "Sales Agent E14",
    "category": "sales_agents",
    "description": "Sales Agent E14 · Sales Agents bots → Fuerza de ventas · Especialidad: ABM cuentas clave",
    "language": "es-ES",
    "default_voice": "es-ES-Standard-A"
  },
  {
    "bot_id": "sae-15",
    "name": "Sales Agent E15",
    "category": "sales_agents",
    "description": "Sales Agent E15 · Sales Agents bots → Fuerza de ventas · Especialidad: Demo técnica",
    "language": "es-ES",
    "default_voice": "es-ES-Standard-A"
  },
  {
    "bot_id": "sae-16",
    "name": "Sales Agent E16",
    "category": "sales_agents",
    "description": "Sales Agent E16 · Sales Agents bots → Fuerza de ventas · Especialidad: ABM cuentas clave",
    "language": "es-ES",
    "default_voice": "es-ES-Standard-A"
  },
  {
    "bot_id": "sae-17",
    "name": "Sales Agent E17",
    "category": "sales_agents",
    "description": "Sales Agent E17 · Sales Agents bots → Fuerza de ventas · Especialidad: Demo técnica",
    "language": "es-ES",
    "default_voice": "es-ES-Standard-A"
  },
  {
    "bot_id": "sae-18",
    "name": "Sales Agent E18",
    "category": "sales_agents",
    "description": "Sales Agent E18 · Sales Agents bots → Fuerza de ventas · Especialidad: Prospección fría",
    "language": "es-ES",
    "default_voice": "es-ES-Standard-A"
  },
  {
    "bot_id": "sae-19",
    "name": "Sales Agent E19",
    "category": "sales_agents",
    "description": "Sales Agent E19 · Sales Agents bots → Fuerza de ventas · Especialidad: ABM cuentas clave",
    "language": "es-ES",
    "default_voice": "es-ES-Standard-A"
  },
  {
    "bot_id": "sae-20",
    "name": "Sales Agent E20",
    "category": "sales_agents",
    "description": "Sales Agent E20 · Sales Agents bots → Fuerza de ventas · Especialidad: Demo técnica",
    "language": "es-ES",
    "default_voice": "es-ES-Standard-A"
  },
  {
    "bot_id": "sae-21",
    "name": "Sales Agent E21",
    "category": "sales_agents",
    "description": "Sales Agent E21 · Sales Agents bots → Fuerza de ventas · Especialidad: ABM cuentas clave",
    "language": "es-ES",
    "default_voice": "es-ES-Standard-A"
  },
  {
    "bot_id": "sae-22",
    "name": "Sales Agent E22",
    "category": "sales_agents",
    "description": "Sales Agent E22 · Sales Agents bots → Fuerza de ventas · Especialidad: Demo técnica",
    "language": "es-ES",
    "default_voice": "es-ES-Standard-A"
  },
  {
    "bot_id": "sae-23",
    "name": "Sales Agent E23",
    "category": "sales_agents",
    "description": "Sales Agent E23 · Sales Agents bots → Fuerza de ventas · Especialidad: Prospección fría",
    "language": "es-ES",
    "default_voice": "es-ES-Standard-A"
  },
  {
    "bot_id": "sae-24",
    "name": "Sales Agent E24",
    "category": "sales_agents",
    "description": "Sales Agent E24 · Sales Agents bots → Fuerza de ventas · Especialidad: ABM cuentas clave",
    "language": "es-ES",
    "default_voice": "es-ES-Standard-A"
  },
  {
    "bot_id": "sae-25",
    "name": "Sales Agent E25",
    "category": "sales_agents",
    "description": "Sales Agent E25 · Sales Agents bots → Fuerza de ventas · Especialidad: Demo técnica",
    "language": "es-ES",
    "default_voice": "es-ES-Standard-A"
  },
  {
    "bot_id": "sae-26",
    "name": "Sales Agent E26",
    "category": "sales_agents",
    "description": "Sales Agent E26 · Sales Agents bots → Fuerza de ventas · Especialidad: Prospección fría",
    "language": "es-ES",
    "default_voice": "es-ES-Standard-A"
  },
  {
    "bot_id": "sae-27",
    "name": "Sales Agent E27",
    "category": "sales_agents",
    "description": "Sales Agent E27 · Sales Agents bots → Fuerza de ventas · Especialidad: Demo técnica",
    "language": "es-ES",
    "default_voice": "es-ES-Standard-A"
  },
  {
    "bot_id": "sae-28",
    "name": "Sales Agent E28",
    "category": "sales_agents",
    "description": "Sales Agent E28 · Sales Agents bots → Fuerza de ventas · Especialidad: Cierre consultivo",
    "language": "es-ES",
    "default_voice": "es-ES-Standard-A"
  },
  {
    "bot_id": "sae-29",
    "name": "Sales Agent E29",
    "category": "sales_agents",
    "description": "Sales Agent E29 · Sales Agents bots → Fuerza de ventas · Especialidad: Demo técnica",
    "language": "es-ES",
    "default_voice": "es-ES-Standard-A"
  },
  {
    "bot_id": "sae-30",
    "name": "Sales Agent E30",
    "category": "sales_agents",
    "description": "Sales Agent E30 · Sales Agents bots → Fuerza de ventas · Especialidad: Demo técnica",
    "language": "es-ES",
    "default_voice": "es-ES-Standard-A"
  },
  {
    "bot_id": "sae-31",
    "name": "Sales Agent E31",
    "category": "sales_agents",
    "description": "Sales Agent E31 · Sales Agents bots → Fuerza de ventas · Especialidad: ABM cuentas clave",
    "language": "es-ES",
    "default_voice": "es-ES-Standard-A"
  },
  {
    "bot_id": "sae-32",
    "name": "Sales Agent E32",
    "category": "sales_agents",
    "description": "Sales Agent E32 · Sales Agents bots → Fuerza de ventas · Especialidad: Renovaciones SaaS",
    "language": "es-ES",
    "default_voice": "es-ES-Standard-A"
  },
  {
    "bot_id": "sae-33",
    "name": "Sales Agent E33",
    "category": "sales_agents",
    "description": "Sales Agent E33 · Sales Agents bots → Fuerza de ventas · Especialidad: Renovaciones SaaS",
    "language": "es-ES",
    "default_voice": "es-ES-Standard-A"
  },
  {
    "bot_id": "sae-34",
    "name": "Sales Agent E34",
    "category": "sales_agents",
    "description": "Sales Agent E34 · Sales Agents bots → Fuerza de ventas · Especialidad: ABM cuentas clave",
    "language": "es-ES",
    "default_voice": "es-ES-Standard-A"
  },
  {
    "bot_id": "sae-35",
    "name": "Sales Agent E35",
    "category": "sales_agents",
    "description": "Sales Agent E35 · Sales Agents bots → Fuerza de ventas · Especialidad: Renovaciones SaaS",
    "language": "es-ES",
    "default_voice": "es-ES-Standard-A"
  },
  {
    "bot_id": "sae-36",
    "name": "Sales Agent E36",
    "category": "sales_agents",
    "description": "Sales Agent E36 · Sales Agents bots → Fuerza de ventas · Especialidad: ABM cuentas clave",
    "language": "es-ES",
    "default_voice": "es-ES-Standard-A"
  },
  {
    "bot_id": "sae-37",
    "name": "Sales Agent E37",
    "category": "sales_agents",
    "description": "Sales Agent E37 · Sales Agents bots → Fuerza de ventas · Especialidad: Renovaciones SaaS",
    "language": "es-ES",
    "default_voice": "es-ES-Standard-A"
  },
  {
    "bot_id": "sae-38",
    "name": "Sales Agent E38",
    "category": "sales_agents",
    "description": "Sales Agent E38 · Sales Agents bots → Fuerza de ventas · Especialidad: ABM cuentas clave",
    "language": "es-ES",
    "default_voice": "es-ES-Standard-A"
  },
  {
    "bot_id": "sae-39",
    "name": "Sales Agent E39",
    "category": "sales_agents",
    "description": "Sales Agent E39 · Sales Agents bots → Fuerza de ventas · Especialidad: ABM cuentas clave",
    "language": "es-ES",
    "default_voice": "es-ES-Standard-A"
  },
  {
    "bot_id": "sae-40",
    "name": "Sales Agent E40",
    "category": "sales_agents",
    "description": "Sales Agent E40 · Sales Agents bots → Fuerza de ventas · Especialidad: Demo técnica",
    "language": "es-ES",
    "default_voice": "es-ES-Standard-A"
  },
  {
    "bot_id": "wce-01",
    "name": "Web Chat E01",
    "category": "web_chat",
    "description": "Web Chat E01 · Web Chat bots → Asistencia web · Especialidad: Cobros + factura",
    "language": "es-ES",
    "default_voice": "es-ES-Standard-A"
  },
  {
    "bot_id": "wce-02",
    "name": "Web Chat E02",
    "category": "web_chat",
    "description": "Web Chat E02 · Web Chat bots → Asistencia web · Especialidad: Seguimiento omnicanal",
    "language": "es-ES",
    "default_voice": "es-ES-Standard-A"
  },
  {
    "bot_id": "wce-03",
    "name": "Web Chat E03",
    "category": "web_chat",
    "description": "Web Chat E03 · Web Chat bots → Asistencia web · Especialidad: Seguimiento omnicanal",
    "language": "es-ES",
    "default_voice": "es-ES-Standard-A"
  },
  {
    "bot_id": "wce-04",
    "name": "Web Chat E04",
    "category": "web_chat",
    "description": "Web Chat E04 · Web Chat bots → Asistencia web · Especialidad: Checkout asistido",
    "language": "es-ES",
    "default_voice": "es-ES-Standard-A"
  },
  {
    "bot_id": "wce-05",
    "name": "Web Chat E05",
    "category": "web_chat",
    "description": "Web Chat E05 · Web Chat bots → Asistencia web · Especialidad: Cobros + factura",
    "language": "es-ES",
    "default_voice": "es-ES-Standard-A"
  },
  {
    "bot_id": "wce-06",
    "name": "Web Chat E06",
    "category": "web_chat",
    "description": "Web Chat E06 · Web Chat bots → Asistencia web · Especialidad: FAQ dinámico",
    "language": "es-ES",
    "default_voice": "es-ES-Standard-A"
  },
  {
    "bot_id": "wce-07",
    "name": "Web Chat E07",
    "category": "web_chat",
    "description": "Web Chat E07 · Web Chat bots → Asistencia web · Especialidad: Onboarding guiado",
    "language": "es-ES",
    "default_voice": "es-ES-Standard-A"
  },
  {
    "bot_id": "wce-08",
    "name": "Web Chat E08",
    "category": "web_chat",
    "description": "Web Chat E08 · Web Chat bots → Asistencia web · Especialidad: Checkout asistido",
    "language": "es-ES",
    "default_voice": "es-ES-Standard-A"
  },
  {
    "bot_id": "wce-09",
    "name": "Web Chat E09",
    "category": "web_chat",
    "description": "Web Chat E09 · Web Chat bots → Asistencia web · Especialidad: Cobros + factura",
    "language": "es-ES",
    "default_voice": "es-ES-Standard-A"
  },
  {
    "bot_id": "wce-10",
    "name": "Web Chat E10",
    "category": "web_chat",
    "description": "Web Chat E10 · Web Chat bots → Asistencia web · Especialidad: FAQ dinámico",
    "language": "es-ES",
    "default_voice": "es-ES-Standard-A"
  },
  {
    "bot_id": "wce-11",
    "name": "Web Chat E11",
    "category": "web_chat",
    "description": "Web Chat E11 · Web Chat bots → Asistencia web · Especialidad: Onboarding guiado",
    "language": "es-ES",
    "default_voice": "es-ES-Standard-A"
  },
  {
    "bot_id": "wce-12",
    "name": "Web Chat E12",
    "category": "web_chat",
    "description": "Web Chat E12 · Web Chat bots → Asistencia web · Especialidad: Onboarding guiado",
    "language": "es-ES",
    "default_voice": "es-ES-Standard-A"
  },
  {
    "bot_id": "wce-13",
    "name": "Web Chat E13",
    "category": "web_chat",
    "description": "Web Chat E13 · Web Chat bots → Asistencia web · Especialidad: FAQ dinámico",
    "language": "es-ES",
    "default_voice": "es-ES-Standard-A"
  },
  {
    "bot_id": "wce-14",
    "name": "Web Chat E14",
    "category": "web_chat",
    "description": "Web Chat E14 · Web Chat bots → Asistencia web · Especialidad: Checkout asistido",
    "language": "es-ES",
    "default_voice": "es-ES-Standard-A"
  },
  {
    "bot_id": "wce-15",
    "name": "Web Chat E15",
    "category": "web_chat",
    "description": "Web Chat E15 · Web Chat bots → Asistencia web · Especialidad: Onboarding guiado",
    "language": "es-ES",
    "default_voice": "es-ES-Standard-A"
  },
  {
    "bot_id": "wce-16",
    "name": "Web Chat E16",
    "category": "web_chat",
    "description": "Web Chat E16 · Web Chat bots → Asistencia web · Especialidad: FAQ dinámico",
    "language": "es-ES",
    "default_voice": "es-ES-Standard-A"
  },
  {
    "bot_id": "wce-17",
    "name": "Web Chat E17",
    "category": "web_chat",
    "description": "Web Chat E17 · Web Chat bots → Asistencia web · Especialidad: Checkout asistido",
    "language": "es-ES",
    "default_voice": "es-ES-Standard-A"
  },
  {
    "bot_id": "wce-18",
    "name": "Web Chat E18",
    "category": "web_chat",
    "description": "Web Chat E18 · Web Chat bots → Asistencia web · Especialidad: Seguimiento omnicanal",
    "language": "es-ES",
    "default_voice": "es-ES-Standard-A"
  },
  {
    "bot_id": "wce-19",
    "name": "Web Chat E19",
    "category": "web_chat",
    "description": "Web Chat E19 · Web Chat bots → Asistencia web · Especialidad: Seguimiento omnicanal",
    "language": "es-ES",
    "default_voice": "es-ES-Standard-A"
  },
  {
    "bot_id": "wce-20",
    "name": "Web Chat E20",
    "category": "web_chat",
    "description": "Web Chat E20 · Web Chat bots → Asistencia web · Especialidad: Seguimiento omnicanal",
    "language": "es-ES",
    "default_voice": "es-ES-Standard-A"
  },
  {
    "bot_id": "wce-21",
    "name": "Web Chat E21",
    "category": "web_chat",
    "description": "Web Chat E21 · Web Chat bots → Asistencia web · Especialidad: Seguimiento omnicanal",
    "language": "es-ES",
    "default_voice": "es-ES-Standard-A"
  },
  {
    "bot_id": "wce-22",
    "name": "Web Chat E22",
    "category": "web_chat",
    "description": "Web Chat E22 · Web Chat bots → Asistencia web · Especialidad: Cobros + factura",
    "language": "es-ES",
    "default_voice": "es-ES-Standard-A"
  },
  {
    "bot_id": "wce-23",
    "name": "Web Chat E23",
    "category": "web_chat",
    "description": "Web Chat E23 · Web Chat bots → Asistencia web · Especialidad: Onboarding guiado",
    "language": "es-ES",
    "default_voice": "es-ES-Standard-A"
  },
  {
    "bot_id": "wce-24",
    "name": "Web Chat E24",
    "category": "web_chat",
    "description": "Web Chat E24 · Web Chat bots → Asistencia web · Especialidad: Seguimiento omnicanal",
    "language": "es-ES",
    "default_voice": "es-ES-Standard-A"
  },
  {
    "bot_id": "wce-25",
    "name": "Web Chat E25",
    "category": "web_chat",
    "description": "Web Chat E25 · Web Chat bots → Asistencia web · Especialidad: FAQ dinámico",
    "language": "es-ES",
    "default_voice": "es-ES-Standard-A"
  },
  {
    "bot_id": "wce-26",
    "name": "Web Chat E26",
    "category": "web_chat",
    "description": "Web Chat E26 · Web Chat bots → Asistencia web · Especialidad: Seguimiento omnicanal",
    "language": "es-ES",
    "default_voice": "es-ES-Standard-A"
  },
  {
    "bot_id": "wce-27",
    "name": "Web Chat E27",
    "category": "web_chat",
    "description": "Web Chat E27 · Web Chat bots → Asistencia web · Especialidad: Cobros + factura",
    "language": "es-ES",
    "default_voice": "es-ES-Standard-A"
  },
  {
    "bot_id": "wce-28",
    "name": "Web Chat E28",
    "category": "web_chat",
    "description": "Web Chat E28 · Web Chat bots → Asistencia web · Especialidad: Onboarding guiado",
    "language": "es-ES",
    "default_voice": "es-ES-Standard-A"
  },
  {
    "bot_id": "wce-29",
    "name": "Web Chat E29",
    "category": "web_chat",
    "description": "Web Chat E29 · Web Chat bots → Asistencia web · Especialidad: Seguimiento omnicanal",
    "language": "es-ES",
    "default_voice": "es-ES-Standard-A"
  },
  {
    "bot_id": "wce-30",
    "name": "Web Chat E30",
    "category": "web_chat",
    "description": "Web Chat E30 · Web Chat bots → Asistencia web · Especialidad: Onboarding guiado",
    "language": "es-ES",
    "default_voice": "es-ES-Standard-A"
  },
  {
    "bot_id": "wce-31",
    "name": "Web Chat E31",
    "category": "web_chat",
    "description": "Web Chat E31 · Web Chat bots → Asistencia web · Especialidad: Seguimiento omnicanal",
    "language": "es-ES",
    "default_voice": "es-ES-Standard-A"
  },
  {
    "bot_id": "wce-32",
    "name": "Web Chat E32",
    "category": "web_chat",
    "description": "Web Chat E32 · Web Chat bots → Asistencia web · Especialidad: Cobros + factura",
    "language": "es-ES",
    "default_voice": "es-ES-Standard-A"
  },
  {
    "bot_id": "wce-33",
    "name": "Web Chat E33",
    "category": "web_chat",
    "description": "Web Chat E33 · Web Chat bots → Asistencia web · Especialidad: FAQ dinámico",
    "language": "es-ES",
    "default_voice": "es-ES-Standard-A"
  },
  {
    "bot_id": "wce-34",
    "name": "Web Chat E34",
    "category": "web_chat",
    "description": "Web Chat E34 · Web Chat bots → Asistencia web · Especialidad: Cobros + factura",
    "language": "es-ES",
    "default_voice": "es-ES-Standard-A"
  },
  {
    "bot_id": "wce-35",
    "name": "Web Chat E35",
    "category": "web_chat",
    "description": "Web Chat E35 · Web Chat bots → Asistencia web · Especialidad: FAQ dinámico",
    "language": "es-ES",
    "default_voice": "es-ES-Standard-A"
  },
  {
    "bot_id": "wce-36",
    "name": "Web Chat E36",
    "category": "web_chat",
    "description": "Web Chat E36 · Web Chat bots → Asistencia web · Especialidad: Checkout asistido",
    "language": "es-ES",
    "default_voice": "es-ES-Standard-A"
  },
  {
    "bot_id": "wce-37",
    "name": "Web Chat E37",
    "category": "web_chat",
    "description": "Web Chat E37 · Web Chat bots → Asistencia web · Especialidad: Checkout asistido",
    "language": "es-ES",
    "default_voice": "es-ES-Standard-A"
  },
  {
    "bot_id": "wce-38",
    "name": "Web Chat E38",
    "category": "web_chat",
    "description": "Web Chat E38 · Web Chat bots → Asistencia web · Especialidad: FAQ dinámico",
    "language": "es-ES",
    "default_voice": "es-ES-Standard-A"
  },
  {
    "bot_id": "wce-39",
    "name": "Web Chat E39",
    "category": "web_chat",
    "description": "Web Chat E39 · Web Chat bots → Asistencia web · Especialidad: Checkout asistido",
    "language": "es-ES",
    "default_voice": "es-ES-Standard-A"
  },
  {
    "bot_id": "wce-40",
    "name": "Web Chat E40",
    "category": "web_chat",
    "description": "Web Chat E40 · Web Chat bots → Asistencia web · Especialidad: Seguimiento omnicanal",
    "language": "es-ES",
    "default_voice": "es-ES-Standard-A"
  },
  {
    "bot_id": "wce-41",
    "name": "Web Chat E41",
    "category": "web_chat",
    "description": "Web Chat E41 · Web Chat bots → Asistencia web · Especialidad: Checkout asistido",
    "language": "es-ES",
    "default_voice": "es-ES-Standard-A"
  },
  {
    "bot_id": "wce-42",
    "name": "Web Chat E42",
    "category": "web_chat",
    "description": "Web Chat E42 · Web Chat bots → Asistencia web · Especialidad: Cobros + factura",
    "language": "es-ES",
    "default_voice": "es-ES-Standard-A"
  },
  {
    "bot_id": "wce-43",
    "name": "Web Chat E43",
    "category": "web_chat",
    "description": "Web Chat E43 · Web Chat bots → Asistencia web · Especialidad: Checkout asistido",
    "language": "es-ES",
    "default_voice": "es-ES-Standard-A"
  },
  {
    "bot_id": "wce-44",
    "name": "Web Chat E44",
    "category": "web_chat",
    "description": "Web Chat E44 · Web Chat bots → Asistencia web · Especialidad: Seguimiento omnicanal",
    "language": "es-ES",
    "default_voice": "es-ES-Standard-A"
  },
  {
    "bot_id": "wce-45",
    "name": "Web Chat E45",
    "category": "web_chat",
    "description": "Web Chat E45 · Web Chat bots → Asistencia web · Especialidad: Seguimiento omnicanal",
    "language": "es-ES",
    "default_voice": "es-ES-Standard-A"
  },
  {
    "bot_id": "wce-46",
    "name": "Web Chat E46",
    "category": "web_chat",
    "description": "Web Chat E46 · Web Chat bots → Asistencia web · Especialidad: Onboarding guiado",
    "language": "es-ES",
    "default_voice": "es-ES-Standard-A"
  },
  {
    "bot_id": "wce-47",
    "name": "Web Chat E47",
    "category": "web_chat",
    "description": "Web Chat E47 · Web Chat bots → Asistencia web · Especialidad: Onboarding guiado",
    "language": "es-ES",
    "default_voice": "es-ES-Standard-A"
  },
  {
    "bot_id": "wce-48",
    "name": "Web Chat E48",
    "category": "web_chat",
    "description": "Web Chat E48 · Web Chat bots → Asistencia web · Especialidad: Onboarding guiado",
    "language": "es-ES",
    "default_voice": "es-ES-Standard-A"
  },
  {
    "bot_id": "wce-49",
    "name": "Web Chat E49",
    "category": "web_chat",
    "description": "Web Chat E49 · Web Chat bots → Asistencia web · Especialidad: Onboarding guiado",
    "language": "es-ES",
    "default_voice": "es-ES-Standard-A"
  },
  {
    "bot_id": "wce-50",
    "name": "Web Chat E50",
    "category": "web_chat",
    "description": "Web Chat E50 · Web Chat bots → Asistencia web · Especialidad: Cobros + factura",
    "language": "es-ES",
    "default_voice": "es-ES-Standard-A"
  },
  {
    "bot_id": "tse-01",
    "name": "Tech Support E01",
    "category": "tech_support",
    "description": "Tech Support E01 · Technical Support bots → Soporte técnico · Especialidad: SLA manager",
    "language": "es-ES",
    "default_voice": "es-ES-Standard-A"
  },
  {
    "bot_id": "tse-02",
    "name": "Tech Support E02",
    "category": "tech_support",
    "description": "Tech Support E02 · Technical Support bots → Soporte técnico · Especialidad: Dev handoff",
    "language": "es-ES",
    "default_voice": "es-ES-Standard-A"
  },
  {
    "bot_id": "tse-03",
    "name": "Tech Support E03",
    "category": "tech_support",
    "description": "Tech Support E03 · Technical Support bots → Soporte técnico · Especialidad: RMA/garantías",
    "language": "es-ES",
    "default_voice": "es-ES-Standard-A"
  },
  {
    "bot_id": "tse-04",
    "name": "Tech Support E04",
    "category": "tech_support",
    "description": "Tech Support E04 · Technical Support bots → Soporte técnico · Especialidad: Nivel 2 diagnóstico",
    "language": "es-ES",
    "default_voice": "es-ES-Standard-A"
  },
  {
    "bot_id": "tse-05",
    "name": "Tech Support E05",
    "category": "tech_support",
    "description": "Tech Support E05 · Technical Support bots → Soporte técnico · Especialidad: Dev handoff",
    "language": "es-ES",
    "default_voice": "es-ES-Standard-A"
  },
  {
    "bot_id": "tse-06",
    "name": "Tech Support E06",
    "category": "tech_support",
    "description": "Tech Support E06 · Technical Support bots → Soporte técnico · Especialidad: Nivel 1 screening",
    "language": "es-ES",
    "default_voice": "es-ES-Standard-A"
  },
  {
    "bot_id": "tse-07",
    "name": "Tech Support E07",
    "category": "tech_support",
    "description": "Tech Support E07 · Technical Support bots → Soporte técnico · Especialidad: SLA manager",
    "language": "es-ES",
    "default_voice": "es-ES-Standard-A"
  },
  {
    "bot_id": "tse-08",
    "name": "Tech Support E08",
    "category": "tech_support",
    "description": "Tech Support E08 · Technical Support bots → Soporte técnico · Especialidad: Dev handoff",
    "language": "es-ES",
    "default_voice": "es-ES-Standard-A"
  },
  {
    "bot_id": "tse-09",
    "name": "Tech Support E09",
    "category": "tech_support",
    "description": "Tech Support E09 · Technical Support bots → Soporte técnico · Especialidad: Nivel 1 screening",
    "language": "es-ES",
    "default_voice": "es-ES-Standard-A"
  },
  {
    "bot_id": "tse-10",
    "name": "Tech Support E10",
    "category": "tech_support",
    "description": "Tech Support E10 · Technical Support bots → Soporte técnico · Especialidad: Nivel 2 diagnóstico",
    "language": "es-ES",
    "default_voice": "es-ES-Standard-A"
  },
  {
    "bot_id": "tse-11",
    "name": "Tech Support E11",
    "category": "tech_support",
    "description": "Tech Support E11 · Technical Support bots → Soporte técnico · Especialidad: Nivel 2 diagnóstico",
    "language": "es-ES",
    "default_voice": "es-ES-Standard-A"
  },
  {
    "bot_id": "tse-12",
    "name": "Tech Support E12",
    "category": "tech_support",
    "description": "Tech Support E12 · Technical Support bots → Soporte técnico · Especialidad: Dev handoff",
    "language": "es-ES",
    "default_voice": "es-ES-Standard-A"
  },
  {
    "bot_id": "tse-13",
    "name": "Tech Support E13",
    "category": "tech_support",
    "description": "Tech Support E13 · Technical Support bots → Soporte técnico · Especialidad: Dev handoff",
    "language": "es-ES",
    "default_voice": "es-ES-Standard-A"
  },
  {
    "bot_id": "tse-14",
    "name": "Tech Support E14",
    "category": "tech_support",
    "description": "Tech Support E14 · Technical Support bots → Soporte técnico · Especialidad: Dev handoff",
    "language": "es-ES",
    "default_voice": "es-ES-Standard-A"
  },
  {
    "bot_id": "tse-15",
    "name": "Tech Support E15",
    "category": "tech_support",
    "description": "Tech Support E15 · Technical Support bots → Soporte técnico · Especialidad: Nivel 2 diagnóstico",
    "language": "es-ES",
    "default_voice": "es-ES-Standard-A"
  },
  {
    "bot_id": "tse-16",
    "name": "Tech Support E16",
    "category": "tech_support",
    "description": "Tech Support E16 · Technical Support bots → Soporte técnico · Especialidad: RMA/garantías",
    "language": "es-ES",
    "default_voice": "es-ES-Standard-A"
  },
  {
    "bot_id": "tse-17",
    "name": "Tech Support E17",
    "category": "tech_support",
    "description": "Tech Support E17 · Technical Support bots → Soporte técnico · Especialidad: RMA/garantías",
    "language": "es-ES",
    "default_voice": "es-ES-Standard-A"
  },
  {
    "bot_id": "tse-18",
    "name": "Tech Support E18",
    "category": "tech_support",
    "description": "Tech Support E18 · Technical Support bots → Soporte técnico · Especialidad: Nivel 1 screening",
    "language": "es-ES",
    "default_voice": "es-ES-Standard-A"
  },
  {
    "bot_id": "tse-19",
    "name": "Tech Support E19",
    "category": "tech_support",
    "description": "Tech Support E19 · Technical Support bots → Soporte técnico · Especialidad: Nivel 2 diagnóstico",
    "language": "es-ES",
    "default_voice": "es-ES-Standard-A"
  },
  {
    "bot_id": "tse-20",
    "name": "Tech Support E20",
    "category": "tech_support",
    "description": "Tech Support E20 · Technical Support bots → Soporte técnico · Especialidad: SLA manager",
    "language": "es-ES",
    "default_voice": "es-ES-Standard-A"
  },
  {
    "bot_id": "tse-21",
    "name": "Tech Support E21",
    "category": "tech_support",
    "description": "Tech Support E21 · Technical Support bots → Soporte técnico · Especialidad: Nivel 2 diagnóstico",
    "language": "es-ES",
    "default_voice": "es-ES-Standard-A"
  },
  {
    "bot_id": "tse-22",
    "name": "Tech Support E22",
    "category": "tech_support",
    "description": "Tech Support E22 · Technical Support bots → Soporte técnico · Especialidad: SLA manager",
    "language": "es-ES",
    "default_voice": "es-ES-Standard-A"
  },
  {
    "bot_id": "tse-23",
    "name": "Tech Support E23",
    "category": "tech_support",
    "description": "Tech Support E23 · Technical Support bots → Soporte técnico · Especialidad: SLA manager",
    "language": "es-ES",
    "default_voice": "es-ES-Standard-A"
  },
  {
    "bot_id": "tse-24",
    "name": "Tech Support E24",
    "category": "tech_support",
    "description": "Tech Support E24 · Technical Support bots → Soporte técnico · Especialidad: Nivel 2 diagnóstico",
    "language": "es-ES",
    "default_voice": "es-ES-Standard-A"
  },
  {
    "bot_id": "tse-25",
    "name": "Tech Support E25",
    "category": "tech_support",
    "description": "Tech Support E25 · Technical Support bots → Soporte técnico · Especialidad: Nivel 2 diagnóstico",
    "language": "es-ES",
    "default_voice": "es-ES-Standard-A"
  },
  {
    "bot_id": "tse-26",
    "name": "Tech Support E26",
    "category": "tech_support",
    "description": "Tech Support E26 · Technical Support bots → Soporte técnico · Especialidad: Nivel 1 screening",
    "language": "es-ES",
    "default_voice": "es-ES-Standard-A"
  },
  {
    "bot_id": "tse-27",
    "name": "Tech Support E27",
    "category": "tech_support",
    "description": "Tech Support E27 · Technical Support bots → Soporte técnico · Especialidad: Nivel 1 screening",
    "language": "es-ES",
    "default_voice": "es-ES-Standard-A"
  },
  {
    "bot_id": "tse-28",
    "name": "Tech Support E28",
    "category": "tech_support",
    "description": "Tech Support E28 · Technical Support bots → Soporte técnico · Especialidad: Nivel 1 screening",
    "language": "es-ES",
    "default_voice": "es-ES-Standard-A"
  },
  {
    "bot_id": "tse-29",
    "name": "Tech Support E29",
    "category": "tech_support",
    "description": "Tech Support E29 · Technical Support bots → Soporte técnico · Especialidad: Nivel 2 diagnóstico",
    "language": "es-ES",
    "default_voice": "es-ES-Standard-A"
  },
  {
    "bot_id": "tse-30",
    "name": "Tech Support E30",
    "category": "tech_support",
    "description": "Tech Support E30 · Technical Support bots → Soporte técnico · Especialidad: SLA manager",
    "language": "es-ES",
    "default_voice": "es-ES-Standard-A"
  },
  {
    "bot_id": "tse-31",
    "name": "Tech Support E31",
    "category": "tech_support",
    "description": "Tech Support E31 · Technical Support bots → Soporte técnico · Especialidad: Nivel 2 diagnóstico",
    "language": "es-ES",
    "default_voice": "es-ES-Standard-A"
  },
  {
    "bot_id": "tse-32",
    "name": "Tech Support E32",
    "category": "tech_support",
    "description": "Tech Support E32 · Technical Support bots → Soporte técnico · Especialidad: RMA/garantías",
    "language": "es-ES",
    "default_voice": "es-ES-Standard-A"
  },
  {
    "bot_id": "sse-01",
    "name": "Sector Expert E01",
    "category": "sector_specialists",
    "description": "Sector Expert E01 · Sector Specialist bots → Expertos por industria · Especialidad: Turismo",
    "language": "es-ES",
    "default_voice": "es-ES-Standard-A"
  },
  {
    "bot_id": "sse-02",
    "name": "Sector Expert E02",
    "category": "sector_specialists",
    "description": "Sector Expert E02 · Sector Specialist bots → Expertos por industria · Especialidad: Educación",
    "language": "es-ES",
    "default_voice": "es-ES-Standard-A"
  },
  {
    "bot_id": "sse-03",
    "name": "Sector Expert E03",
    "category": "sector_specialists",
    "description": "Sector Expert E03 · Sector Specialist bots → Expertos por industria · Especialidad: Retail",
    "language": "es-ES",
    "default_voice": "es-ES-Standard-A"
  },
  {
    "bot_id": "sse-04",
    "name": "Sector Expert E04",
    "category": "sector_specialists",
    "description": "Sector Expert E04 · Sector Specialist bots → Expertos por industria · Especialidad: Hoteles",
    "language": "es-ES",
    "default_voice": "es-ES-Standard-A"
  },
  {
    "bot_id": "sse-05",
    "name": "Sector Expert E05",
    "category": "sector_specialists",
    "description": "Sector Expert E05 · Sector Specialist bots → Expertos por industria · Especialidad: Turismo",
    "language": "es-ES",
    "default_voice": "es-ES-Standard-A"
  },
  {
    "bot_id": "sse-06",
    "name": "Sector Expert E06",
    "category": "sector_specialists",
    "description": "Sector Expert E06 · Sector Specialist bots → Expertos por industria · Especialidad: Educación",
    "language": "es-ES",
    "default_voice": "es-ES-Standard-A"
  },
  {
    "bot_id": "sse-07",
    "name": "Sector Expert E07",
    "category": "sector_specialists",
    "description": "Sector Expert E07 · Sector Specialist bots → Expertos por industria · Especialidad: Salud",
    "language": "es-ES",
    "default_voice": "es-ES-Standard-A"
  },
  {
    "bot_id": "sse-08",
    "name": "Sector Expert E08",
    "category": "sector_specialists",
    "description": "Sector Expert E08 · Sector Specialist bots → Expertos por industria · Especialidad: Turismo",
    "language": "es-ES",
    "default_voice": "es-ES-Standard-A"
  },
  {
    "bot_id": "sse-09",
    "name": "Sector Expert E09",
    "category": "sector_specialists",
    "description": "Sector Expert E09 · Sector Specialist bots → Expertos por industria · Especialidad: Eventos",
    "language": "es-ES",
    "default_voice": "es-ES-Standard-A"
  },
  {
    "bot_id": "sse-10",
    "name": "Sector Expert E10",
    "category": "sector_specialists",
    "description": "Sector Expert E10 · Sector Specialist bots → Expertos por industria · Especialidad: Restauración",
    "language": "es-ES",
    "default_voice": "es-ES-Standard-A"
  },
  {
    "bot_id": "sse-11",
    "name": "Sector Expert E11",
    "category": "sector_specialists",
    "description": "Sector Expert E11 · Sector Specialist bots → Expertos por industria · Especialidad: Restauración",
    "language": "es-ES",
    "default_voice": "es-ES-Standard-A"
  },
  {
    "bot_id": "sse-12",
    "name": "Sector Expert E12",
    "category": "sector_specialists",
    "description": "Sector Expert E12 · Sector Specialist bots → Expertos por industria · Especialidad: Educación",
    "language": "es-ES",
    "default_voice": "es-ES-Standard-A"
  },
  {
    "bot_id": "sse-13",
    "name": "Sector Expert E13",
    "category": "sector_specialists",
    "description": "Sector Expert E13 · Sector Specialist bots → Expertos por industria · Especialidad: Eventos",
    "language": "es-ES",
    "default_voice": "es-ES-Standard-A"
  },
  {
    "bot_id": "sse-14",
    "name": "Sector Expert E14",
    "category": "sector_specialists",
    "description": "Sector Expert E14 · Sector Specialist bots → Expertos por industria · Especialidad: Turismo",
    "language": "es-ES",
    "default_voice": "es-ES-Standard-A"
  },
  {
    "bot_id": "sse-15",
    "name": "Sector Expert E15",
    "category": "sector_specialists",
    "description": "Sector Expert E15 · Sector Specialist bots → Expertos por industria · Especialidad: Educación",
    "language": "es-ES",
    "default_voice": "es-ES-Standard-A"
  },
  {
    "bot_id": "sse-16",
    "name": "Sector Expert E16",
    "category": "sector_specialists",
    "description": "Sector Expert E16 · Sector Specialist bots → Expertos por industria · Especialidad: Eventos",
    "language": "es-ES",
    "default_voice": "es-ES-Standard-A"
  },
  {
    "bot_id": "sse-17",
    "name": "Sector Expert E17",
    "category": "sector_specialists",
    "description": "Sector Expert E17 · Sector Specialist bots → Expertos por industria · Especialidad: Real Estate",
    "language": "es-ES",
    "default_voice": "es-ES-Standard-A"
  },
  {
    "bot_id": "sse-18",
    "name": "Sector Expert E18",
    "category": "sector_specialists",
    "description": "Sector Expert E18 · Sector Specialist bots → Expertos por industria · Especialidad: Restauración",
    "language": "es-ES",
    "default_voice": "es-ES-Standard-A"
  },
  {
    "bot_id": "sse-19",
    "name": "Sector Expert E19",
    "category": "sector_specialists",
    "description": "Sector Expert E19 · Sector Specialist bots → Expertos por industria · Especialidad: Real Estate",
    "language": "es-ES",
    "default_voice": "es-ES-Standard-A"
  },
  {
    "bot_id": "sse-20",
    "name": "Sector Expert E20",
    "category": "sector_specialists",
    "description": "Sector Expert E20 · Sector Specialist bots → Expertos por industria · Especialidad: Eventos",
    "language": "es-ES",
    "default_voice": "es-ES-Standard-A"
  },
  {
    "bot_id": "sse-21",
    "name": "Sector Expert E21",
    "category": "sector_specialists",
    "description": "Sector Expert E21 · Sector Specialist bots → Expertos por industria · Especialidad: Turismo",
    "language": "es-ES",
    "default_voice": "es-ES-Standard-A"
  },
  {
    "bot_id": "sse-22",
    "name": "Sector Expert E22",
    "category": "sector_specialists",
    "description": "Sector Expert E22 · Sector Specialist bots → Expertos por industria · Especialidad: Restauración",
    "language": "es-ES",
    "default_voice": "es-ES-Standard-A"
  },
  {
    "bot_id": "sse-23",
    "name": "Sector Expert E23",
    "category": "sector_specialists",
    "description": "Sector Expert E23 · Sector Specialist bots → Expertos por industria · Especialidad: Restauración",
    "language": "es-ES",
    "default_voice": "es-ES-Standard-A"
  },
  {
    "bot_id": "sse-24",
    "name": "Sector Expert E24",
    "category": "sector_specialists",
    "description": "Sector Expert E24 · Sector Specialist bots → Expertos por industria · Especialidad: Turismo",
    "language": "es-ES",
    "default_voice": "es-ES-Standard-A"
  },
  {
    "bot_id": "sse-25",
    "name": "Sector Expert E25",
    "category": "sector_specialists",
    "description": "Sector Expert E25 · Sector Specialist bots → Expertos por industria · Especialidad: Salud",
    "language": "es-ES",
    "default_voice": "es-ES-Standard-A"
  },
  {
    "bot_id": "sse-26",
    "name": "Sector Expert E26",
    "category": "sector_specialists",
    "description": "Sector Expert E26 · Sector Specialist bots → Expertos por industria · Especialidad: Real Estate",
    "language": "es-ES",
    "default_voice": "es-ES-Standard-A"
  },
  {
    "bot_id": "sse-27",
    "name": "Sector Expert E27",
    "category": "sector_specialists",
    "description": "Sector Expert E27 · Sector Specialist bots → Expertos por industria · Especialidad: Real Estate",
    "language": "es-ES",
    "default_voice": "es-ES-Standard-A"
  },
  {
    "bot_id": "sse-28",
    "name": "Sector Expert E28",
    "category": "sector_specialists",
    "description": "Sector Expert E28 · Sector Specialist bots → Expertos por industria · Especialidad: Retail",
    "language": "es-ES",
    "default_voice": "es-ES-Standard-A"
  },
  {
    "bot_id": "ade-01",
    "name": "Admin Ops E01",
    "category": "administrative",
    "description": "Admin Ops E01 · Administrative bots → Operaciones corporativas · Especialidad: RRHH",
    "language": "es-ES",
    "default_voice": "es-ES-Standard-A"
  },
  {
    "bot_id": "ade-02",
    "name": "Admin Ops E02",
    "category": "administrative",
    "description": "Admin Ops E02 · Administrative bots → Operaciones corporativas · Especialidad: Compras",
    "language": "es-ES",
    "default_voice": "es-ES-Standard-A"
  },
  {
    "bot_id": "ade-03",
    "name": "Admin Ops E03",
    "category": "administrative",
    "description": "Admin Ops E03 · Administrative bots → Operaciones corporativas · Especialidad: Agenda inteligente",
    "language": "es-ES",
    "default_voice": "es-ES-Standard-A"
  },
  {
    "bot_id": "ade-04",
    "name": "Admin Ops E04",
    "category": "administrative",
    "description": "Admin Ops E04 · Administrative bots → Operaciones corporativas · Especialidad: Contratación",
    "language": "es-ES",
    "default_voice": "es-ES-Standard-A"
  },
  {
    "bot_id": "ade-05",
    "name": "Admin Ops E05",
    "category": "administrative",
    "description": "Admin Ops E05 · Administrative bots → Operaciones corporativas · Especialidad: RRHH",
    "language": "es-ES",
    "default_voice": "es-ES-Standard-A"
  },
  {
    "bot_id": "ade-06",
    "name": "Admin Ops E06",
    "category": "administrative",
    "description": "Admin Ops E06 · Administrative bots → Operaciones corporativas · Especialidad: Contratación",
    "language": "es-ES",
    "default_voice": "es-ES-Standard-A"
  },
  {
    "bot_id": "ade-07",
    "name": "Admin Ops E07",
    "category": "administrative",
    "description": "Admin Ops E07 · Administrative bots → Operaciones corporativas · Especialidad: Facturación",
    "language": "es-ES",
    "default_voice": "es-ES-Standard-A"
  },
  {
    "bot_id": "ade-08",
    "name": "Admin Ops E08",
    "category": "administrative",
    "description": "Admin Ops E08 · Administrative bots → Operaciones corporativas · Especialidad: Compras",
    "language": "es-ES",
    "default_voice": "es-ES-Standard-A"
  },
  {
    "bot_id": "ade-09",
    "name": "Admin Ops E09",
    "category": "administrative",
    "description": "Admin Ops E09 · Administrative bots → Operaciones corporativas · Especialidad: Agenda inteligente",
    "language": "es-ES",
    "default_voice": "es-ES-Standard-A"
  },
  {
    "bot_id": "ade-10",
    "name": "Admin Ops E10",
    "category": "administrative",
    "description": "Admin Ops E10 · Administrative bots → Operaciones corporativas · Especialidad: Contratación",
    "language": "es-ES",
    "default_voice": "es-ES-Standard-A"
  },
  {
    "bot_id": "ade-11",
    "name": "Admin Ops E11",
    "category": "administrative",
    "description": "Admin Ops E11 · Administrative bots → Operaciones corporativas · Especialidad: Contratación",
    "language": "es-ES",
    "default_voice": "es-ES-Standard-A"
  },
  {
    "bot_id": "ade-12",
    "name": "Admin Ops E12",
    "category": "administrative",
    "description": "Admin Ops E12 · Administrative bots → Operaciones corporativas · Especialidad: Compliance",
    "language": "es-ES",
    "default_voice": "es-ES-Standard-A"
  },
  {
    "bot_id": "ade-13",
    "name": "Admin Ops E13",
    "category": "administrative",
    "description": "Admin Ops E13 · Administrative bots → Operaciones corporativas · Especialidad: Facturación",
    "language": "es-ES",
    "default_voice": "es-ES-Standard-A"
  },
  {
    "bot_id": "ade-14",
    "name": "Admin Ops E14",
    "category": "administrative",
    "description": "Admin Ops E14 · Administrative bots → Operaciones corporativas · Especialidad: Contratación",
    "language": "es-ES",
    "default_voice": "es-ES-Standard-A"
  },
  {
    "bot_id": "ade-15",
    "name": "Admin Ops E15",
    "category": "administrative",
    "description": "Admin Ops E15 · Administrative bots → Operaciones corporativas · Especialidad: Compras",
    "language": "es-ES",
    "default_voice": "es-ES-Standard-A"
  },
  {
    "bot_id": "ade-16",
    "name": "Admin Ops E16",
    "category": "administrative",
    "description": "Admin Ops E16 · Administrative bots → Operaciones corporativas · Especialidad: Contratación",
    "language": "es-ES",
    "default_voice": "es-ES-Standard-A"
  },
  {
    "bot_id": "ade-17",
    "name": "Admin Ops E17",
    "category": "administrative",
    "description": "Admin Ops E17 · Administrative bots → Operaciones corporativas · Especialidad: RRHH",
    "language": "es-ES",
    "default_voice": "es-ES-Standard-A"
  },
  {
    "bot_id": "ade-18",
    "name": "Admin Ops E18",
    "category": "administrative",
    "description": "Admin Ops E18 · Administrative bots → Operaciones corporativas · Especialidad: Facturación",
    "language": "es-ES",
    "default_voice": "es-ES-Standard-A"
  },
  {
    "bot_id": "ade-19",
    "name": "Admin Ops E19",
    "category": "administrative",
    "description": "Admin Ops E19 · Administrative bots → Operaciones corporativas · Especialidad: Agenda inteligente",
    "language": "es-ES",
    "default_voice": "es-ES-Standard-A"
  },
  {
    "bot_id": "ade-20",
    "name": "Admin Ops E20",
    "category": "administrative",
    "description": "Admin Ops E20 · Administrative bots → Operaciones corporativas · Especialidad: RRHH",
    "language": "es-ES",
    "default_voice": "es-ES-Standard-A"
  }
]