id,domain,question,answer_key,weight
T001,backend,[backend] ¿Cuál es el procedimiento correcto ante un fallo SEV2 en producción?,"Mitigar en <2h, comunicar, postmortem 48h, acciones preventivas.",2
T002,marketing,[marketing] ¿Cuál es el procedimiento correcto ante un fallo SEV2 en producción?,"Mitigar en <2h, comunicar, postmortem 48h, acciones preventivas.",2
T003,local-guides,[local-guides] ¿Cuál es el procedimiento correcto ante un fallo SEV2 en producción?,"Mitigar en <2h, comunicar, postmortem 48h, acciones preventivas.",2
T004,pricing,[pricing] ¿Cuál es el procedimiento correcto ante un fallo SEV2 en producción?,"Mitigar en <2h, comunicar, postmortem 48h, acciones preventivas.",2
T005,cleaning,[cleaning] ¿Cuál es el procedimiento correcto ante un fallo SEV2 en producción?,"Mitigar en <2h, comunicar, postmortem 48h, acciones preventivas.",2
T006,property-management,[property-management] ¿Cuál es el procedimiento correcto ante un fallo SEV2 en producción?,"Mitigar en <2h, comunicar, postmortem 48h, acciones preventivas.",2
T007,checkin,[checkin] ¿Cuál es el procedimiento correcto ante un fallo SEV2 en producción?,"Mitigar en <2h, comunicar, postmortem 48h, acciones preventivas.",2
T008,design,[design] ¿Cuál es el procedimiento correcto ante un fallo SEV2 en producción?,"Mitigar en <2h, comunicar, postmortem 48h, acciones preventivas.",2
T009,pricing,[pricing] ¿Cuál es el procedimiento correcto ante un fallo SEV2 en producción?,"Mitigar en <2h, comunicar, postmortem 48h, acciones preventivas.",2
T010,transport,[transport] ¿Cuál es el procedimiento correcto ante un fallo SEV2 en producción?,"Mitigar en <2h, comunicar, postmortem 48h, acciones preventivas.",2
T011,itops,[itops] ¿Cuál es el procedimiento correcto ante un fallo SEV2 en producción?,"Mitigar en <2h, comunicar, postmortem 48h, acciones preventivas.",2
T012,revenue,[revenue] ¿Cuál es el procedimiento correcto ante un fallo SEV2 en producción?,"Mitigar en <2h, comunicar, postmortem 48h, acciones preventivas.",2
T013,maintenance,[maintenance] ¿Cuál es el procedimiento correcto ante un fallo SEV2 en producción?,"Mitigar en <2h, comunicar, postmortem 48h, acciones preventivas.",2
T014,events,[events] ¿Cuál es el procedimiento correcto ante un fallo SEV2 en producción?,"Mitigar en <2h, comunicar, postmortem 48h, acciones preventivas.",2
T015,restaurants,[restaurants] ¿Cuál es el procedimiento correcto ante un fallo SEV2 en producción?,"Mitigar en <2h, comunicar, postmortem 48h, acciones preventivas.",2
T016,cleaning,[cleaning] ¿Cuál es el procedimiento correcto ante un fallo SEV2 en producción?,"Mitigar en <2h, comunicar, postmortem 48h, acciones preventivas.",2
T017,ai,[ai] ¿Cuál es el procedimiento correcto ante un fallo SEV2 en producción?,"Mitigar en <2h, comunicar, postmortem 48h, acciones preventivas.",2
T018,maintenance,[maintenance] ¿Cuál es el procedimiento correcto ante un fallo SEV2 en producción?,"Mitigar en <2h, comunicar, postmortem 48h, acciones preventivas.",2
T019,events,[events] ¿Cuál es el procedimiento correcto ante un fallo SEV2 en producción?,"Mitigar en <2h, comunicar, postmortem 48h, acciones preventivas.",2
T020,pricing,[pricing] ¿Cuál es el procedimiento correcto ante un fallo SEV2 en producción?,"Mitigar en <2h, comunicar, postmortem 48h, acciones preventivas.",2
T021,checkout,[checkout] ¿Cuál es el procedimiento correcto ante un fallo SEV2 en producción?,"Mitigar en <2h, comunicar, postmortem 48h, acciones preventivas.",2
T022,security,[security] ¿Cuál es el procedimiento correcto ante un fallo SEV2 en producción?,"Mitigar en <2h, comunicar, postmortem 48h, acciones preventivas.",2
T023,pricing,[pricing] ¿Cuál es el procedimiento correcto ante un fallo SEV2 en producción?,"Mitigar en <2h, comunicar, postmortem 48h, acciones preventivas.",2
T024,local-guides,[local-guides] ¿Cuál es el procedimiento correcto ante un fallo SEV2 en producción?,"Mitigar en <2h, comunicar, postmortem 48h, acciones preventivas.",2
T025,pricing,[pricing] ¿Cuál es el procedimiento correcto ante un fallo SEV2 en producción?,"Mitigar en <2h, comunicar, postmortem 48h, acciones preventivas.",2
T026,security,[security] ¿Cuál es el procedimiento correcto ante un fallo SEV2 en producción?,"Mitigar en <2h, comunicar, postmortem 48h, acciones preventivas.",2
T027,revenue,[revenue] ¿Cuál es el procedimiento correcto ante un fallo SEV2 en producción?,"Mitigar en <2h, comunicar, postmortem 48h, acciones preventivas.",2
T028,sales,[sales] ¿Cuál es el procedimiento correcto ante un fallo SEV2 en producción?,"Mitigar en <2h, comunicar, postmortem 48h, acciones preventivas.",2
T029,infrastructure,[infrastructure] ¿Cuál es el procedimiento correcto ante un fallo SEV2 en producción?,"Mitigar en <2h, comunicar, postmortem 48h, acciones preventivas.",2
T030,restaurants,[restaurants] ¿Cuál es el procedimiento correcto ante un fallo SEV2 en producción?,"Mitigar en <2h, comunicar, postmortem 48h, acciones preventivas.",2
T031,marketing,[marketing] ¿Cuál es el procedimiento correcto ante un fallo SEV2 en producción?,"Mitigar en <2h, comunicar, postmortem 48h, acciones preventivas.",2
T032,property-management,[property-management] ¿Cuál es el procedimiento correcto ante un fallo SEV2 en producción?,"Mitigar en <2h, comunicar, postmortem 48h, acciones preventivas.",2
T033,checkout,[checkout] ¿Cuál es el procedimiento correcto ante un fallo SEV2 en producción?,"Mitigar en <2h, comunicar, postmortem 48h, acciones preventivas.",2
T034,frontend,[frontend] ¿Cuál es el procedimiento correcto ante un fallo SEV2 en producción?,"Mitigar en <2h, comunicar, postmortem 48h, acciones preventivas.",2
T035,legal,[legal] ¿Cuál es el procedimiento correcto ante un fallo SEV2 en producción?,"Mitigar en <2h, comunicar, postmortem 48h, acciones preventivas.",2
T036,checkin,[checkin] ¿Cuál es el procedimiento correcto ante un fallo SEV2 en producción?,"Mitigar en <2h, comunicar, postmortem 48h, acciones preventivas.",2
T037,finance,[finance] ¿Cuál es el procedimiento correcto ante un fallo SEV2 en producción?,"Mitigar en <2h, comunicar, postmortem 48h, acciones preventivas.",2
T038,design,[design] ¿Cuál es el procedimiento correcto ante un fallo SEV2 en producción?,"Mitigar en <2h, comunicar, postmortem 48h, acciones preventivas.",2
T039,checkin,[checkin] ¿Cuál es el procedimiento correcto ante un fallo SEV2 en producción?,"Mitigar en <2h, comunicar, postmortem 48h, acciones preventivas.",2
T040,cleaning,[cleaning] ¿Cuál es el procedimiento correcto ante un fallo SEV2 en producción?,"Mitigar en <2h, comunicar, postmortem 48h, acciones preventivas.",2
T041,pricing,[pricing] ¿Cuál es el procedimiento correcto ante un fallo SEV2 en producción?,"Mitigar en <2h, comunicar, postmortem 48h, acciones preventivas.",2
T042,itops,[itops] ¿Cuál es el procedimiento correcto ante un fallo SEV2 en producción?,"Mitigar en <2h, comunicar, postmortem 48h, acciones preventivas.",2
T043,mindfulness,[mindfulness] ¿Cuál es el procedimiento correcto ante un fallo SEV2 en producción?,"Mitigar en <2h, comunicar, postmortem 48h, acciones preventivas.",2
T044,property-management,[property-management] ¿Cuál es el procedimiento correcto ante un fallo SEV2 en producción?,"Mitigar en <2h, comunicar, postmortem 48h, acciones preventivas.",2
T045,events,[events] ¿Cuál es el procedimiento correcto ante un fallo SEV2 en producción?,"Mitigar en <2h, comunicar, postmortem 48h, acciones preventivas.",2
T046,backend,[backend] ¿Cuál es el procedimiento correcto ante un fallo SEV2 en producción?,"Mitigar en <2h, comunicar, postmortem 48h, acciones preventivas.",2
T047,yoga,[yoga] ¿Cuál es el procedimiento correcto ante un fallo SEV2 en producción?,"Mitigar en <2h, comunicar, postmortem 48h, acciones preventivas.",2
T048,yoga,[yoga] ¿Cuál es el procedimiento correcto ante un fallo SEV2 en producción?,"Mitigar en <2h, comunicar, postmortem 48h, acciones preventivas.",2
T049,design,[design] ¿Cuál es el procedimiento correcto ante un fallo SEV2 en producción?,"Mitigar en <2h, comunicar, postmortem 48h, acciones preventivas.",2
T050,frontend,[frontend] ¿Cuál es el procedimiento correcto ante un fallo SEV2 en producción?,"Mitigar en <2h, comunicar, postmortem 48h, acciones preventivas.",2
T051,ai,[ai] ¿Cuál es el procedimiento correcto ante un fallo SEV2 en producción?,"Mitigar en <2h, comunicar, postmortem 48h, acciones preventivas.",2
T052,legal,[legal] ¿Cuál es el procedimiento correcto ante un fallo SEV2 en producción?,"Mitigar en <2h, comunicar, postmortem 48h, acciones preventivas.",2
T053,ai,[ai] ¿Cuál es el procedimiento correcto ante un fallo SEV2 en producción?,"Mitigar en <2h, comunicar, postmortem 48h, acciones preventivas.",2
T054,maintenance,[maintenance] ¿Cuál es el procedimiento correcto ante un fallo SEV2 en producción?,"Mitigar en <2h, comunicar, postmortem 48h, acciones preventivas.",2
T055,frontend,[frontend] ¿Cuál es el procedimiento correcto ante un fallo SEV2 en producción?,"Mitigar en <2h, comunicar, postmortem 48h, acciones preventivas.",2
T056,concierge,[concierge] ¿Cuál es el procedimiento correcto ante un fallo SEV2 en producción?,"Mitigar en <2h, comunicar, postmortem 48h, acciones preventivas.",2
T057,mindfulness,[mindfulness] ¿Cuál es el procedimiento correcto ante un fallo SEV2 en producción?,"Mitigar en <2h, comunicar, postmortem 48h, acciones preventivas.",2
T058,devops,[devops] ¿Cuál es el procedimiento correcto ante un fallo SEV2 en producción?,"Mitigar en <2h, comunicar, postmortem 48h, acciones preventivas.",2
T059,wellness,[wellness] ¿Cuál es el procedimiento correcto ante un fallo SEV2 en producción?,"Mitigar en <2h, comunicar, postmortem 48h, acciones preventivas.",2
T060,infrastructure,[infrastructure] ¿Cuál es el procedimiento correcto ante un fallo SEV2 en producción?,"Mitigar en <2h, comunicar, postmortem 48h, acciones preventivas.",2
