{
  "peluquerias.claytomsystems.com": {
    "sector": "peluquerias",
    "target": 25
  },
  "barberias.claytomsystems.com": {
    "sector": "barberias",
    "target": 25
  },
  "restaurantes.claytomsystems.com": {
    "sector": "restaurantes",
    "target": 30
  },
  "hoteles.claytomsystems.com": {
    "sector": "hoteles",
    "target": 30
  },
  "inmobiliarias.claytomsystems.com": {
    "sector": "inmobiliarias",
    "target": 35
  },
  "educacion.claytomsystems.com": {
    "sector": "educacion",
    "target": 30
  },
  "industrial.claytomsystems.com": {
    "sector": "industrial",
    "target": 30
  },
  "sanidad.claytomsystems.com": {
    "sector": "sanidad",
    "target": 30
  },
  "turismo.claytomsystems.com": {
    "sector": "turismo",
    "target": 30
  },
  "finanzas.claytomsystems.com": {
    "sector": "finanzas",
    "target": 30
  },
  "ecommerce.claytomsystems.com": {
    "sector": "ecommerce",
    "target": 30
  },
  "deportes.claytomsystems.com": {
    "sector": "deportes",
    "target": 30
  },
  "cultura.claytomsystems.com": {
    "sector": "cultura",
    "target": 25
  },
  "logistica.claytomsystems.com": {
    "sector": "logistica",
    "target": 25
  }
}