[
  {
    "bot_id": "cc-01",
    "name": "Call Center 01",
    "category": "call_center",
    "description": "Call Center 01 · Call Center bots → Atención telefónica · Especialidad: Reservas",
    "language": "es-ES",
    "default_voice": "es-ES-Standard-A"
  },
  {
    "bot_id": "cc-02",
    "name": "Call Center 02",
    "category": "call_center",
    "description": "Call Center 02 · Call Center bots → Atención telefónica · Especialidad: Upsell básico",
    "language": "es-ES",
    "default_voice": "es-ES-Standard-A"
  },
  {
    "bot_id": "cc-03",
    "name": "Call Center 03",
    "category": "call_center",
    "description": "Call Center 03 · Call Center bots → Atención telefónica · Especialidad: Upsell básico",
    "language": "es-ES",
    "default_voice": "es-ES-Standard-A"
  },
  {
    "bot_id": "cc-04",
    "name": "Call Center 04",
    "category": "call_center",
    "description": "Call Center 04 · Call Center bots → Atención telefónica · Especialidad: Soporte general",
    "language": "es-ES",
    "default_voice": "es-ES-Standard-A"
  },
  {
    "bot_id": "cc-05",
    "name": "Call Center 05",
    "category": "call_center",
    "description": "Call Center 05 · Call Center bots → Atención telefónica · Especialidad: Post‑venta",
    "language": "es-ES",
    "default_voice": "es-ES-Standard-A"
  },
  {
    "bot_id": "cc-06",
    "name": "Call Center 06",
    "category": "call_center",
    "description": "Call Center 06 · Call Center bots → Atención telefónica · Especialidad: Soporte general",
    "language": "es-ES",
    "default_voice": "es-ES-Standard-A"
  },
  {
    "bot_id": "cc-07",
    "name": "Call Center 07",
    "category": "call_center",
    "description": "Call Center 07 · Call Center bots → Atención telefónica · Especialidad: Reclamaciones",
    "language": "es-ES",
    "default_voice": "es-ES-Standard-A"
  },
  {
    "bot_id": "cc-08",
    "name": "Call Center 08",
    "category": "call_center",
    "description": "Call Center 08 · Call Center bots → Atención telefónica · Especialidad: Post‑venta",
    "language": "es-ES",
    "default_voice": "es-ES-Standard-A"
  },
  {
    "bot_id": "cc-09",
    "name": "Call Center 09",
    "category": "call_center",
    "description": "Call Center 09 · Call Center bots → Atención telefónica · Especialidad: Reclamaciones",
    "language": "es-ES",
    "default_voice": "es-ES-Standard-A"
  },
  {
    "bot_id": "cc-10",
    "name": "Call Center 10",
    "category": "call_center",
    "description": "Call Center 10 · Call Center bots → Atención telefónica · Especialidad: Upsell básico",
    "language": "es-ES",
    "default_voice": "es-ES-Standard-A"
  },
  {
    "bot_id": "cc-11",
    "name": "Call Center 11",
    "category": "call_center",
    "description": "Call Center 11 · Call Center bots → Atención telefónica · Especialidad: Post‑venta",
    "language": "es-ES",
    "default_voice": "es-ES-Standard-A"
  },
  {
    "bot_id": "cc-12",
    "name": "Call Center 12",
    "category": "call_center",
    "description": "Call Center 12 · Call Center bots → Atención telefónica · Especialidad: Post‑venta",
    "language": "es-ES",
    "default_voice": "es-ES-Standard-A"
  },
  {
    "bot_id": "cc-13",
    "name": "Call Center 13",
    "category": "call_center",
    "description": "Call Center 13 · Call Center bots → Atención telefónica · Especialidad: Soporte general",
    "language": "es-ES",
    "default_voice": "es-ES-Standard-A"
  },
  {
    "bot_id": "cc-14",
    "name": "Call Center 14",
    "category": "call_center",
    "description": "Call Center 14 · Call Center bots → Atención telefónica · Especialidad: Reservas",
    "language": "es-ES",
    "default_voice": "es-ES-Standard-A"
  },
  {
    "bot_id": "cc-15",
    "name": "Call Center 15",
    "category": "call_center",
    "description": "Call Center 15 · Call Center bots → Atención telefónica · Especialidad: Post‑venta",
    "language": "es-ES",
    "default_voice": "es-ES-Standard-A"
  },
  {
    "bot_id": "sa-01",
    "name": "Sales Agent 01",
    "category": "sales_agents",
    "description": "Sales Agent 01 · Sales Agents bots → Fuerza de ventas · Especialidad: Cross‑sell",
    "language": "es-ES",
    "default_voice": "es-ES-Standard-A"
  },
  {
    "bot_id": "sa-02",
    "name": "Sales Agent 02",
    "category": "sales_agents",
    "description": "Sales Agent 02 · Sales Agents bots → Fuerza de ventas · Especialidad: Demo",
    "language": "es-ES",
    "default_voice": "es-ES-Standard-A"
  },
  {
    "bot_id": "sa-03",
    "name": "Sales Agent 03",
    "category": "sales_agents",
    "description": "Sales Agent 03 · Sales Agents bots → Fuerza de ventas · Especialidad: Demo",
    "language": "es-ES",
    "default_voice": "es-ES-Standard-A"
  },
  {
    "bot_id": "sa-04",
    "name": "Sales Agent 04",
    "category": "sales_agents",
    "description": "Sales Agent 04 · Sales Agents bots → Fuerza de ventas · Especialidad: Renovaciones",
    "language": "es-ES",
    "default_voice": "es-ES-Standard-A"
  },
  {
    "bot_id": "sa-05",
    "name": "Sales Agent 05",
    "category": "sales_agents",
    "description": "Sales Agent 05 · Sales Agents bots → Fuerza de ventas · Especialidad: Cross‑sell",
    "language": "es-ES",
    "default_voice": "es-ES-Standard-A"
  },
  {
    "bot_id": "sa-06",
    "name": "Sales Agent 06",
    "category": "sales_agents",
    "description": "Sales Agent 06 · Sales Agents bots → Fuerza de ventas · Especialidad: Cierre",
    "language": "es-ES",
    "default_voice": "es-ES-Standard-A"
  },
  {
    "bot_id": "sa-07",
    "name": "Sales Agent 07",
    "category": "sales_agents",
    "description": "Sales Agent 07 · Sales Agents bots → Fuerza de ventas · Especialidad: Cierre",
    "language": "es-ES",
    "default_voice": "es-ES-Standard-A"
  },
  {
    "bot_id": "sa-08",
    "name": "Sales Agent 08",
    "category": "sales_agents",
    "description": "Sales Agent 08 · Sales Agents bots → Fuerza de ventas · Especialidad: Demo",
    "language": "es-ES",
    "default_voice": "es-ES-Standard-A"
  },
  {
    "bot_id": "sa-09",
    "name": "Sales Agent 09",
    "category": "sales_agents",
    "description": "Sales Agent 09 · Sales Agents bots → Fuerza de ventas · Especialidad: Renovaciones",
    "language": "es-ES",
    "default_voice": "es-ES-Standard-A"
  },
  {
    "bot_id": "sa-10",
    "name": "Sales Agent 10",
    "category": "sales_agents",
    "description": "Sales Agent 10 · Sales Agents bots → Fuerza de ventas · Especialidad: Prospección",
    "language": "es-ES",
    "default_voice": "es-ES-Standard-A"
  },
  {
    "bot_id": "sa-11",
    "name": "Sales Agent 11",
    "category": "sales_agents",
    "description": "Sales Agent 11 · Sales Agents bots → Fuerza de ventas · Especialidad: Demo",
    "language": "es-ES",
    "default_voice": "es-ES-Standard-A"
  },
  {
    "bot_id": "sa-12",
    "name": "Sales Agent 12",
    "category": "sales_agents",
    "description": "Sales Agent 12 · Sales Agents bots → Fuerza de ventas · Especialidad: Cross‑sell",
    "language": "es-ES",
    "default_voice": "es-ES-Standard-A"
  },
  {
    "bot_id": "sa-13",
    "name": "Sales Agent 13",
    "category": "sales_agents",
    "description": "Sales Agent 13 · Sales Agents bots → Fuerza de ventas · Especialidad: Cross‑sell",
    "language": "es-ES",
    "default_voice": "es-ES-Standard-A"
  },
  {
    "bot_id": "sa-14",
    "name": "Sales Agent 14",
    "category": "sales_agents",
    "description": "Sales Agent 14 · Sales Agents bots → Fuerza de ventas · Especialidad: Renovaciones",
    "language": "es-ES",
    "default_voice": "es-ES-Standard-A"
  },
  {
    "bot_id": "sa-15",
    "name": "Sales Agent 15",
    "category": "sales_agents",
    "description": "Sales Agent 15 · Sales Agents bots → Fuerza de ventas · Especialidad: Demo",
    "language": "es-ES",
    "default_voice": "es-ES-Standard-A"
  },
  {
    "bot_id": "sa-16",
    "name": "Sales Agent 16",
    "category": "sales_agents",
    "description": "Sales Agent 16 · Sales Agents bots → Fuerza de ventas · Especialidad: Prospección",
    "language": "es-ES",
    "default_voice": "es-ES-Standard-A"
  },
  {
    "bot_id": "sa-17",
    "name": "Sales Agent 17",
    "category": "sales_agents",
    "description": "Sales Agent 17 · Sales Agents bots → Fuerza de ventas · Especialidad: Prospección",
    "language": "es-ES",
    "default_voice": "es-ES-Standard-A"
  },
  {
    "bot_id": "sa-18",
    "name": "Sales Agent 18",
    "category": "sales_agents",
    "description": "Sales Agent 18 · Sales Agents bots → Fuerza de ventas · Especialidad: Cross‑sell",
    "language": "es-ES",
    "default_voice": "es-ES-Standard-A"
  },
  {
    "bot_id": "sa-19",
    "name": "Sales Agent 19",
    "category": "sales_agents",
    "description": "Sales Agent 19 · Sales Agents bots → Fuerza de ventas · Especialidad: Demo",
    "language": "es-ES",
    "default_voice": "es-ES-Standard-A"
  },
  {
    "bot_id": "sa-20",
    "name": "Sales Agent 20",
    "category": "sales_agents",
    "description": "Sales Agent 20 · Sales Agents bots → Fuerza de ventas · Especialidad: Cierre",
    "language": "es-ES",
    "default_voice": "es-ES-Standard-A"
  },
  {
    "bot_id": "wc-01",
    "name": "Web Chat 01",
    "category": "web_chat",
    "description": "Web Chat 01 · Web Chat bots → Asistencia web · Especialidad: Cobros",
    "language": "es-ES",
    "default_voice": "es-ES-Standard-A"
  },
  {
    "bot_id": "wc-02",
    "name": "Web Chat 02",
    "category": "web_chat",
    "description": "Web Chat 02 · Web Chat bots → Asistencia web · Especialidad: FAQ",
    "language": "es-ES",
    "default_voice": "es-ES-Standard-A"
  },
  {
    "bot_id": "wc-03",
    "name": "Web Chat 03",
    "category": "web_chat",
    "description": "Web Chat 03 · Web Chat bots → Asistencia web · Especialidad: Ayuda compras",
    "language": "es-ES",
    "default_voice": "es-ES-Standard-A"
  },
  {
    "bot_id": "wc-04",
    "name": "Web Chat 04",
    "category": "web_chat",
    "description": "Web Chat 04 · Web Chat bots → Asistencia web · Especialidad: Cobros",
    "language": "es-ES",
    "default_voice": "es-ES-Standard-A"
  },
  {
    "bot_id": "wc-05",
    "name": "Web Chat 05",
    "category": "web_chat",
    "description": "Web Chat 05 · Web Chat bots → Asistencia web · Especialidad: FAQ",
    "language": "es-ES",
    "default_voice": "es-ES-Standard-A"
  },
  {
    "bot_id": "wc-06",
    "name": "Web Chat 06",
    "category": "web_chat",
    "description": "Web Chat 06 · Web Chat bots → Asistencia web · Especialidad: Seguimiento pedido",
    "language": "es-ES",
    "default_voice": "es-ES-Standard-A"
  },
  {
    "bot_id": "wc-07",
    "name": "Web Chat 07",
    "category": "web_chat",
    "description": "Web Chat 07 · Web Chat bots → Asistencia web · Especialidad: Seguimiento pedido",
    "language": "es-ES",
    "default_voice": "es-ES-Standard-A"
  },
  {
    "bot_id": "wc-08",
    "name": "Web Chat 08",
    "category": "web_chat",
    "description": "Web Chat 08 · Web Chat bots → Asistencia web · Especialidad: FAQ",
    "language": "es-ES",
    "default_voice": "es-ES-Standard-A"
  },
  {
    "bot_id": "wc-09",
    "name": "Web Chat 09",
    "category": "web_chat",
    "description": "Web Chat 09 · Web Chat bots → Asistencia web · Especialidad: FAQ",
    "language": "es-ES",
    "default_voice": "es-ES-Standard-A"
  },
  {
    "bot_id": "wc-10",
    "name": "Web Chat 10",
    "category": "web_chat",
    "description": "Web Chat 10 · Web Chat bots → Asistencia web · Especialidad: Cobros",
    "language": "es-ES",
    "default_voice": "es-ES-Standard-A"
  },
  {
    "bot_id": "wc-11",
    "name": "Web Chat 11",
    "category": "web_chat",
    "description": "Web Chat 11 · Web Chat bots → Asistencia web · Especialidad: Cobros",
    "language": "es-ES",
    "default_voice": "es-ES-Standard-A"
  },
  {
    "bot_id": "wc-12",
    "name": "Web Chat 12",
    "category": "web_chat",
    "description": "Web Chat 12 · Web Chat bots → Asistencia web · Especialidad: Cobros",
    "language": "es-ES",
    "default_voice": "es-ES-Standard-A"
  },
  {
    "bot_id": "wc-13",
    "name": "Web Chat 13",
    "category": "web_chat",
    "description": "Web Chat 13 · Web Chat bots → Asistencia web · Especialidad: Seguimiento pedido",
    "language": "es-ES",
    "default_voice": "es-ES-Standard-A"
  },
  {
    "bot_id": "wc-14",
    "name": "Web Chat 14",
    "category": "web_chat",
    "description": "Web Chat 14 · Web Chat bots → Asistencia web · Especialidad: Onboarding",
    "language": "es-ES",
    "default_voice": "es-ES-Standard-A"
  },
  {
    "bot_id": "wc-15",
    "name": "Web Chat 15",
    "category": "web_chat",
    "description": "Web Chat 15 · Web Chat bots → Asistencia web · Especialidad: Ayuda compras",
    "language": "es-ES",
    "default_voice": "es-ES-Standard-A"
  },
  {
    "bot_id": "wc-16",
    "name": "Web Chat 16",
    "category": "web_chat",
    "description": "Web Chat 16 · Web Chat bots → Asistencia web · Especialidad: Cobros",
    "language": "es-ES",
    "default_voice": "es-ES-Standard-A"
  },
  {
    "bot_id": "wc-17",
    "name": "Web Chat 17",
    "category": "web_chat",
    "description": "Web Chat 17 · Web Chat bots → Asistencia web · Especialidad: Ayuda compras",
    "language": "es-ES",
    "default_voice": "es-ES-Standard-A"
  },
  {
    "bot_id": "wc-18",
    "name": "Web Chat 18",
    "category": "web_chat",
    "description": "Web Chat 18 · Web Chat bots → Asistencia web · Especialidad: Cobros",
    "language": "es-ES",
    "default_voice": "es-ES-Standard-A"
  },
  {
    "bot_id": "wc-19",
    "name": "Web Chat 19",
    "category": "web_chat",
    "description": "Web Chat 19 · Web Chat bots → Asistencia web · Especialidad: Onboarding",
    "language": "es-ES",
    "default_voice": "es-ES-Standard-A"
  },
  {
    "bot_id": "wc-20",
    "name": "Web Chat 20",
    "category": "web_chat",
    "description": "Web Chat 20 · Web Chat bots → Asistencia web · Especialidad: Seguimiento pedido",
    "language": "es-ES",
    "default_voice": "es-ES-Standard-A"
  },
  {
    "bot_id": "wc-21",
    "name": "Web Chat 21",
    "category": "web_chat",
    "description": "Web Chat 21 · Web Chat bots → Asistencia web · Especialidad: Seguimiento pedido",
    "language": "es-ES",
    "default_voice": "es-ES-Standard-A"
  },
  {
    "bot_id": "wc-22",
    "name": "Web Chat 22",
    "category": "web_chat",
    "description": "Web Chat 22 · Web Chat bots → Asistencia web · Especialidad: FAQ",
    "language": "es-ES",
    "default_voice": "es-ES-Standard-A"
  },
  {
    "bot_id": "wc-23",
    "name": "Web Chat 23",
    "category": "web_chat",
    "description": "Web Chat 23 · Web Chat bots → Asistencia web · Especialidad: Cobros",
    "language": "es-ES",
    "default_voice": "es-ES-Standard-A"
  },
  {
    "bot_id": "wc-24",
    "name": "Web Chat 24",
    "category": "web_chat",
    "description": "Web Chat 24 · Web Chat bots → Asistencia web · Especialidad: Ayuda compras",
    "language": "es-ES",
    "default_voice": "es-ES-Standard-A"
  },
  {
    "bot_id": "wc-25",
    "name": "Web Chat 25",
    "category": "web_chat",
    "description": "Web Chat 25 · Web Chat bots → Asistencia web · Especialidad: FAQ",
    "language": "es-ES",
    "default_voice": "es-ES-Standard-A"
  },
  {
    "bot_id": "ts-01",
    "name": "Tech Support 01",
    "category": "tech_support",
    "description": "Tech Support 01 · Technical Support bots → Soporte técnico · Especialidad: Incidencias",
    "language": "es-ES",
    "default_voice": "es-ES-Standard-A"
  },
  {
    "bot_id": "ts-02",
    "name": "Tech Support 02",
    "category": "tech_support",
    "description": "Tech Support 02 · Technical Support bots → Soporte técnico · Especialidad: Garantía",
    "language": "es-ES",
    "default_voice": "es-ES-Standard-A"
  },
  {
    "bot_id": "ts-03",
    "name": "Tech Support 03",
    "category": "tech_support",
    "description": "Tech Support 03 · Technical Support bots → Soporte técnico · Especialidad: Nivel 2",
    "language": "es-ES",
    "default_voice": "es-ES-Standard-A"
  },
  {
    "bot_id": "ts-04",
    "name": "Tech Support 04",
    "category": "tech_support",
    "description": "Tech Support 04 · Technical Support bots → Soporte técnico · Especialidad: Nivel 2",
    "language": "es-ES",
    "default_voice": "es-ES-Standard-A"
  },
  {
    "bot_id": "ts-05",
    "name": "Tech Support 05",
    "category": "tech_support",
    "description": "Tech Support 05 · Technical Support bots → Soporte técnico · Especialidad: Nivel 1",
    "language": "es-ES",
    "default_voice": "es-ES-Standard-A"
  },
  {
    "bot_id": "ts-06",
    "name": "Tech Support 06",
    "category": "tech_support",
    "description": "Tech Support 06 · Technical Support bots → Soporte técnico · Especialidad: Diagnóstico",
    "language": "es-ES",
    "default_voice": "es-ES-Standard-A"
  },
  {
    "bot_id": "ts-07",
    "name": "Tech Support 07",
    "category": "tech_support",
    "description": "Tech Support 07 · Technical Support bots → Soporte técnico · Especialidad: Incidencias",
    "language": "es-ES",
    "default_voice": "es-ES-Standard-A"
  },
  {
    "bot_id": "ts-08",
    "name": "Tech Support 08",
    "category": "tech_support",
    "description": "Tech Support 08 · Technical Support bots → Soporte técnico · Especialidad: Nivel 2",
    "language": "es-ES",
    "default_voice": "es-ES-Standard-A"
  },
  {
    "bot_id": "ts-09",
    "name": "Tech Support 09",
    "category": "tech_support",
    "description": "Tech Support 09 · Technical Support bots → Soporte técnico · Especialidad: Nivel 2",
    "language": "es-ES",
    "default_voice": "es-ES-Standard-A"
  },
  {
    "bot_id": "ts-10",
    "name": "Tech Support 10",
    "category": "tech_support",
    "description": "Tech Support 10 · Technical Support bots → Soporte técnico · Especialidad: Incidencias",
    "language": "es-ES",
    "default_voice": "es-ES-Standard-A"
  },
  {
    "bot_id": "ts-11",
    "name": "Tech Support 11",
    "category": "tech_support",
    "description": "Tech Support 11 · Technical Support bots → Soporte técnico · Especialidad: Incidencias",
    "language": "es-ES",
    "default_voice": "es-ES-Standard-A"
  },
  {
    "bot_id": "ts-12",
    "name": "Tech Support 12",
    "category": "tech_support",
    "description": "Tech Support 12 · Technical Support bots → Soporte técnico · Especialidad: Garantía",
    "language": "es-ES",
    "default_voice": "es-ES-Standard-A"
  },
  {
    "bot_id": "ts-13",
    "name": "Tech Support 13",
    "category": "tech_support",
    "description": "Tech Support 13 · Technical Support bots → Soporte técnico · Especialidad: Diagnóstico",
    "language": "es-ES",
    "default_voice": "es-ES-Standard-A"
  },
  {
    "bot_id": "ts-14",
    "name": "Tech Support 14",
    "category": "tech_support",
    "description": "Tech Support 14 · Technical Support bots → Soporte técnico · Especialidad: Incidencias",
    "language": "es-ES",
    "default_voice": "es-ES-Standard-A"
  },
  {
    "bot_id": "ts-15",
    "name": "Tech Support 15",
    "category": "tech_support",
    "description": "Tech Support 15 · Technical Support bots → Soporte técnico · Especialidad: Incidencias",
    "language": "es-ES",
    "default_voice": "es-ES-Standard-A"
  },
  {
    "bot_id": "ts-16",
    "name": "Tech Support 16",
    "category": "tech_support",
    "description": "Tech Support 16 · Technical Support bots → Soporte técnico · Especialidad: Diagnóstico",
    "language": "es-ES",
    "default_voice": "es-ES-Standard-A"
  },
  {
    "bot_id": "ts-17",
    "name": "Tech Support 17",
    "category": "tech_support",
    "description": "Tech Support 17 · Technical Support bots → Soporte técnico · Especialidad: Nivel 2",
    "language": "es-ES",
    "default_voice": "es-ES-Standard-A"
  },
  {
    "bot_id": "ts-18",
    "name": "Tech Support 18",
    "category": "tech_support",
    "description": "Tech Support 18 · Technical Support bots → Soporte técnico · Especialidad: Diagnóstico",
    "language": "es-ES",
    "default_voice": "es-ES-Standard-A"
  },
  {
    "bot_id": "ts-19",
    "name": "Tech Support 19",
    "category": "tech_support",
    "description": "Tech Support 19 · Technical Support bots → Soporte técnico · Especialidad: Diagnóstico",
    "language": "es-ES",
    "default_voice": "es-ES-Standard-A"
  },
  {
    "bot_id": "ts-20",
    "name": "Tech Support 20",
    "category": "tech_support",
    "description": "Tech Support 20 · Technical Support bots → Soporte técnico · Especialidad: Nivel 2",
    "language": "es-ES",
    "default_voice": "es-ES-Standard-A"
  },
  {
    "bot_id": "ss-01",
    "name": "Sector Expert 01",
    "category": "sector_specialists",
    "description": "Sector Expert 01 · Sector Specialist bots → Expertos por industria · Especialidad: Hotelero",
    "language": "es-ES",
    "default_voice": "es-ES-Standard-A"
  },
  {
    "bot_id": "ss-02",
    "name": "Sector Expert 02",
    "category": "sector_specialists",
    "description": "Sector Expert 02 · Sector Specialist bots → Expertos por industria · Especialidad: Retail",
    "language": "es-ES",
    "default_voice": "es-ES-Standard-A"
  },
  {
    "bot_id": "ss-03",
    "name": "Sector Expert 03",
    "category": "sector_specialists",
    "description": "Sector Expert 03 · Sector Specialist bots → Expertos por industria · Especialidad: Hotelero",
    "language": "es-ES",
    "default_voice": "es-ES-Standard-A"
  },
  {
    "bot_id": "ss-04",
    "name": "Sector Expert 04",
    "category": "sector_specialists",
    "description": "Sector Expert 04 · Sector Specialist bots → Expertos por industria · Especialidad: Educación",
    "language": "es-ES",
    "default_voice": "es-ES-Standard-A"
  },
  {
    "bot_id": "ss-05",
    "name": "Sector Expert 05",
    "category": "sector_specialists",
    "description": "Sector Expert 05 · Sector Specialist bots → Expertos por industria · Especialidad: Retail",
    "language": "es-ES",
    "default_voice": "es-ES-Standard-A"
  },
  {
    "bot_id": "ss-06",
    "name": "Sector Expert 06",
    "category": "sector_specialists",
    "description": "Sector Expert 06 · Sector Specialist bots → Expertos por industria · Especialidad: Educación",
    "language": "es-ES",
    "default_voice": "es-ES-Standard-A"
  },
  {
    "bot_id": "ss-07",
    "name": "Sector Expert 07",
    "category": "sector_specialists",
    "description": "Sector Expert 07 · Sector Specialist bots → Expertos por industria · Especialidad: Hotelero",
    "language": "es-ES",
    "default_voice": "es-ES-Standard-A"
  },
  {
    "bot_id": "ss-08",
    "name": "Sector Expert 08",
    "category": "sector_specialists",
    "description": "Sector Expert 08 · Sector Specialist bots → Expertos por industria · Especialidad: Restauración",
    "language": "es-ES",
    "default_voice": "es-ES-Standard-A"
  },
  {
    "bot_id": "ss-09",
    "name": "Sector Expert 09",
    "category": "sector_specialists",
    "description": "Sector Expert 09 · Sector Specialist bots → Expertos por industria · Especialidad: Retail",
    "language": "es-ES",
    "default_voice": "es-ES-Standard-A"
  },
  {
    "bot_id": "ss-10",
    "name": "Sector Expert 10",
    "category": "sector_specialists",
    "description": "Sector Expert 10 · Sector Specialist bots → Expertos por industria · Especialidad: Educación",
    "language": "es-ES",
    "default_voice": "es-ES-Standard-A"
  },
  {
    "bot_id": "ss-11",
    "name": "Sector Expert 11",
    "category": "sector_specialists",
    "description": "Sector Expert 11 · Sector Specialist bots → Expertos por industria · Especialidad: Educación",
    "language": "es-ES",
    "default_voice": "es-ES-Standard-A"
  },
  {
    "bot_id": "ss-12",
    "name": "Sector Expert 12",
    "category": "sector_specialists",
    "description": "Sector Expert 12 · Sector Specialist bots → Expertos por industria · Especialidad: Retail",
    "language": "es-ES",
    "default_voice": "es-ES-Standard-A"
  },
  {
    "bot_id": "ss-13",
    "name": "Sector Expert 13",
    "category": "sector_specialists",
    "description": "Sector Expert 13 · Sector Specialist bots → Expertos por industria · Especialidad: Eventos",
    "language": "es-ES",
    "default_voice": "es-ES-Standard-A"
  },
  {
    "bot_id": "ss-14",
    "name": "Sector Expert 14",
    "category": "sector_specialists",
    "description": "Sector Expert 14 · Sector Specialist bots → Expertos por industria · Especialidad: Restauración",
    "language": "es-ES",
    "default_voice": "es-ES-Standard-A"
  },
  {
    "bot_id": "ss-15",
    "name": "Sector Expert 15",
    "category": "sector_specialists",
    "description": "Sector Expert 15 · Sector Specialist bots → Expertos por industria · Especialidad: Hotelero",
    "language": "es-ES",
    "default_voice": "es-ES-Standard-A"
  },
  {
    "bot_id": "ss-16",
    "name": "Sector Expert 16",
    "category": "sector_specialists",
    "description": "Sector Expert 16 · Sector Specialist bots → Expertos por industria · Especialidad: Retail",
    "language": "es-ES",
    "default_voice": "es-ES-Standard-A"
  },
  {
    "bot_id": "ss-17",
    "name": "Sector Expert 17",
    "category": "sector_specialists",
    "description": "Sector Expert 17 · Sector Specialist bots → Expertos por industria · Especialidad: Hotelero",
    "language": "es-ES",
    "default_voice": "es-ES-Standard-A"
  },
  {
    "bot_id": "ss-18",
    "name": "Sector Expert 18",
    "category": "sector_specialists",
    "description": "Sector Expert 18 · Sector Specialist bots → Expertos por industria · Especialidad: Hotelero",
    "language": "es-ES",
    "default_voice": "es-ES-Standard-A"
  },
  {
    "bot_id": "ad-01",
    "name": "Admin Ops 01",
    "category": "administrative",
    "description": "Admin Ops 01 · Administrative bots → Operaciones corporativas · Especialidad: Recursos Humanos",
    "language": "es-ES",
    "default_voice": "es-ES-Standard-A"
  },
  {
    "bot_id": "ad-02",
    "name": "Admin Ops 02",
    "category": "administrative",
    "description": "Admin Ops 02 · Administrative bots → Operaciones corporativas · Especialidad: Agenda",
    "language": "es-ES",
    "default_voice": "es-ES-Standard-A"
  },
  {
    "bot_id": "ad-03",
    "name": "Admin Ops 03",
    "category": "administrative",
    "description": "Admin Ops 03 · Administrative bots → Operaciones corporativas · Especialidad: Compras",
    "language": "es-ES",
    "default_voice": "es-ES-Standard-A"
  },
  {
    "bot_id": "ad-04",
    "name": "Admin Ops 04",
    "category": "administrative",
    "description": "Admin Ops 04 · Administrative bots → Operaciones corporativas · Especialidad: Compras",
    "language": "es-ES",
    "default_voice": "es-ES-Standard-A"
  },
  {
    "bot_id": "ad-05",
    "name": "Admin Ops 05",
    "category": "administrative",
    "description": "Admin Ops 05 · Administrative bots → Operaciones corporativas · Especialidad: Contratos",
    "language": "es-ES",
    "default_voice": "es-ES-Standard-A"
  },
  {
    "bot_id": "ad-06",
    "name": "Admin Ops 06",
    "category": "administrative",
    "description": "Admin Ops 06 · Administrative bots → Operaciones corporativas · Especialidad: Compras",
    "language": "es-ES",
    "default_voice": "es-ES-Standard-A"
  },
  {
    "bot_id": "ad-07",
    "name": "Admin Ops 07",
    "category": "administrative",
    "description": "Admin Ops 07 · Administrative bots → Operaciones corporativas · Especialidad: Compras",
    "language": "es-ES",
    "default_voice": "es-ES-Standard-A"
  },
  {
    "bot_id": "ad-08",
    "name": "Admin Ops 08",
    "category": "administrative",
    "description": "Admin Ops 08 · Administrative bots → Operaciones corporativas · Especialidad: Compras",
    "language": "es-ES",
    "default_voice": "es-ES-Standard-A"
  },
  {
    "bot_id": "ad-09",
    "name": "Admin Ops 09",
    "category": "administrative",
    "description": "Admin Ops 09 · Administrative bots → Operaciones corporativas · Especialidad: Contratos",
    "language": "es-ES",
    "default_voice": "es-ES-Standard-A"
  },
  {
    "bot_id": "ad-10",
    "name": "Admin Ops 10",
    "category": "administrative",
    "description": "Admin Ops 10 · Administrative bots → Operaciones corporativas · Especialidad: Compras",
    "language": "es-ES",
    "default_voice": "es-ES-Standard-A"
  },
  {
    "bot_id": "ad-11",
    "name": "Admin Ops 11",
    "category": "administrative",
    "description": "Admin Ops 11 · Administrative bots → Operaciones corporativas · Especialidad: Agenda",
    "language": "es-ES",
    "default_voice": "es-ES-Standard-A"
  },
  {
    "bot_id": "ad-12",
    "name": "Admin Ops 12",
    "category": "administrative",
    "description": "Admin Ops 12 · Administrative bots → Operaciones corporativas · Especialidad: Facturación",
    "language": "es-ES",
    "default_voice": "es-ES-Standard-A"
  }
]