bot_id,name,category,description,language,default_voice
cc-01,Call Center 01,call_center,Call Center 01 · Call Center bots → Atención telefónica · Especialidad: Reservas,es-ES,es-ES-Standard-A
cc-02,Call Center 02,call_center,Call Center 02 · Call Center bots → Atención telefónica · Especialidad: Upsell básico,es-ES,es-ES-Standard-A
cc-03,Call Center 03,call_center,Call Center 03 · Call Center bots → Atención telefónica · Especialidad: Upsell básico,es-ES,es-ES-Standard-A
cc-04,Call Center 04,call_center,Call Center 04 · Call Center bots → Atención telefónica · Especialidad: Soporte general,es-ES,es-ES-Standard-A
cc-05,Call Center 05,call_center,Call Center 05 · Call Center bots → Atención telefónica · Especialidad: Post‑venta,es-ES,es-ES-Standard-A
cc-06,Call Center 06,call_center,Call Center 06 · Call Center bots → Atención telefónica · Especialidad: Soporte general,es-ES,es-ES-Standard-A
cc-07,Call Center 07,call_center,Call Center 07 · Call Center bots → Atención telefónica · Especialidad: Reclamaciones,es-ES,es-ES-Standard-A
cc-08,Call Center 08,call_center,Call Center 08 · Call Center bots → Atención telefónica · Especialidad: Post‑venta,es-ES,es-ES-Standard-A
cc-09,Call Center 09,call_center,Call Center 09 · Call Center bots → Atención telefónica · Especialidad: Reclamaciones,es-ES,es-ES-Standard-A
cc-10,Call Center 10,call_center,Call Center 10 · Call Center bots → Atención telefónica · Especialidad: Upsell básico,es-ES,es-ES-Standard-A
cc-11,Call Center 11,call_center,Call Center 11 · Call Center bots → Atención telefónica · Especialidad: Post‑venta,es-ES,es-ES-Standard-A
cc-12,Call Center 12,call_center,Call Center 12 · Call Center bots → Atención telefónica · Especialidad: Post‑venta,es-ES,es-ES-Standard-A
cc-13,Call Center 13,call_center,Call Center 13 · Call Center bots → Atención telefónica · Especialidad: Soporte general,es-ES,es-ES-Standard-A
cc-14,Call Center 14,call_center,Call Center 14 · Call Center bots → Atención telefónica · Especialidad: Reservas,es-ES,es-ES-Standard-A
cc-15,Call Center 15,call_center,Call Center 15 · Call Center bots → Atención telefónica · Especialidad: Post‑venta,es-ES,es-ES-Standard-A
sa-01,Sales Agent 01,sales_agents,Sales Agent 01 · Sales Agents bots → Fuerza de ventas · Especialidad: Cross‑sell,es-ES,es-ES-Standard-A
sa-02,Sales Agent 02,sales_agents,Sales Agent 02 · Sales Agents bots → Fuerza de ventas · Especialidad: Demo,es-ES,es-ES-Standard-A
sa-03,Sales Agent 03,sales_agents,Sales Agent 03 · Sales Agents bots → Fuerza de ventas · Especialidad: Demo,es-ES,es-ES-Standard-A
sa-04,Sales Agent 04,sales_agents,Sales Agent 04 · Sales Agents bots → Fuerza de ventas · Especialidad: Renovaciones,es-ES,es-ES-Standard-A
sa-05,Sales Agent 05,sales_agents,Sales Agent 05 · Sales Agents bots → Fuerza de ventas · Especialidad: Cross‑sell,es-ES,es-ES-Standard-A
sa-06,Sales Agent 06,sales_agents,Sales Agent 06 · Sales Agents bots → Fuerza de ventas · Especialidad: Cierre,es-ES,es-ES-Standard-A
sa-07,Sales Agent 07,sales_agents,Sales Agent 07 · Sales Agents bots → Fuerza de ventas · Especialidad: Cierre,es-ES,es-ES-Standard-A
sa-08,Sales Agent 08,sales_agents,Sales Agent 08 · Sales Agents bots → Fuerza de ventas · Especialidad: Demo,es-ES,es-ES-Standard-A
sa-09,Sales Agent 09,sales_agents,Sales Agent 09 · Sales Agents bots → Fuerza de ventas · Especialidad: Renovaciones,es-ES,es-ES-Standard-A
sa-10,Sales Agent 10,sales_agents,Sales Agent 10 · Sales Agents bots → Fuerza de ventas · Especialidad: Prospección,es-ES,es-ES-Standard-A
sa-11,Sales Agent 11,sales_agents,Sales Agent 11 · Sales Agents bots → Fuerza de ventas · Especialidad: Demo,es-ES,es-ES-Standard-A
sa-12,Sales Agent 12,sales_agents,Sales Agent 12 · Sales Agents bots → Fuerza de ventas · Especialidad: Cross‑sell,es-ES,es-ES-Standard-A
sa-13,Sales Agent 13,sales_agents,Sales Agent 13 · Sales Agents bots → Fuerza de ventas · Especialidad: Cross‑sell,es-ES,es-ES-Standard-A
sa-14,Sales Agent 14,sales_agents,Sales Agent 14 · Sales Agents bots → Fuerza de ventas · Especialidad: Renovaciones,es-ES,es-ES-Standard-A
sa-15,Sales Agent 15,sales_agents,Sales Agent 15 · Sales Agents bots → Fuerza de ventas · Especialidad: Demo,es-ES,es-ES-Standard-A
sa-16,Sales Agent 16,sales_agents,Sales Agent 16 · Sales Agents bots → Fuerza de ventas · Especialidad: Prospección,es-ES,es-ES-Standard-A
sa-17,Sales Agent 17,sales_agents,Sales Agent 17 · Sales Agents bots → Fuerza de ventas · Especialidad: Prospección,es-ES,es-ES-Standard-A
sa-18,Sales Agent 18,sales_agents,Sales Agent 18 · Sales Agents bots → Fuerza de ventas · Especialidad: Cross‑sell,es-ES,es-ES-Standard-A
sa-19,Sales Agent 19,sales_agents,Sales Agent 19 · Sales Agents bots → Fuerza de ventas · Especialidad: Demo,es-ES,es-ES-Standard-A
sa-20,Sales Agent 20,sales_agents,Sales Agent 20 · Sales Agents bots → Fuerza de ventas · Especialidad: Cierre,es-ES,es-ES-Standard-A
wc-01,Web Chat 01,web_chat,Web Chat 01 · Web Chat bots → Asistencia web · Especialidad: Cobros,es-ES,es-ES-Standard-A
wc-02,Web Chat 02,web_chat,Web Chat 02 · Web Chat bots → Asistencia web · Especialidad: FAQ,es-ES,es-ES-Standard-A
wc-03,Web Chat 03,web_chat,Web Chat 03 · Web Chat bots → Asistencia web · Especialidad: Ayuda compras,es-ES,es-ES-Standard-A
wc-04,Web Chat 04,web_chat,Web Chat 04 · Web Chat bots → Asistencia web · Especialidad: Cobros,es-ES,es-ES-Standard-A
wc-05,Web Chat 05,web_chat,Web Chat 05 · Web Chat bots → Asistencia web · Especialidad: FAQ,es-ES,es-ES-Standard-A
wc-06,Web Chat 06,web_chat,Web Chat 06 · Web Chat bots → Asistencia web · Especialidad: Seguimiento pedido,es-ES,es-ES-Standard-A
wc-07,Web Chat 07,web_chat,Web Chat 07 · Web Chat bots → Asistencia web · Especialidad: Seguimiento pedido,es-ES,es-ES-Standard-A
wc-08,Web Chat 08,web_chat,Web Chat 08 · Web Chat bots → Asistencia web · Especialidad: FAQ,es-ES,es-ES-Standard-A
wc-09,Web Chat 09,web_chat,Web Chat 09 · Web Chat bots → Asistencia web · Especialidad: FAQ,es-ES,es-ES-Standard-A
wc-10,Web Chat 10,web_chat,Web Chat 10 · Web Chat bots → Asistencia web · Especialidad: Cobros,es-ES,es-ES-Standard-A
wc-11,Web Chat 11,web_chat,Web Chat 11 · Web Chat bots → Asistencia web · Especialidad: Cobros,es-ES,es-ES-Standard-A
wc-12,Web Chat 12,web_chat,Web Chat 12 · Web Chat bots → Asistencia web · Especialidad: Cobros,es-ES,es-ES-Standard-A
wc-13,Web Chat 13,web_chat,Web Chat 13 · Web Chat bots → Asistencia web · Especialidad: Seguimiento pedido,es-ES,es-ES-Standard-A
wc-14,Web Chat 14,web_chat,Web Chat 14 · Web Chat bots → Asistencia web · Especialidad: Onboarding,es-ES,es-ES-Standard-A
wc-15,Web Chat 15,web_chat,Web Chat 15 · Web Chat bots → Asistencia web · Especialidad: Ayuda compras,es-ES,es-ES-Standard-A
wc-16,Web Chat 16,web_chat,Web Chat 16 · Web Chat bots → Asistencia web · Especialidad: Cobros,es-ES,es-ES-Standard-A
wc-17,Web Chat 17,web_chat,Web Chat 17 · Web Chat bots → Asistencia web · Especialidad: Ayuda compras,es-ES,es-ES-Standard-A
wc-18,Web Chat 18,web_chat,Web Chat 18 · Web Chat bots → Asistencia web · Especialidad: Cobros,es-ES,es-ES-Standard-A
wc-19,Web Chat 19,web_chat,Web Chat 19 · Web Chat bots → Asistencia web · Especialidad: Onboarding,es-ES,es-ES-Standard-A
wc-20,Web Chat 20,web_chat,Web Chat 20 · Web Chat bots → Asistencia web · Especialidad: Seguimiento pedido,es-ES,es-ES-Standard-A
wc-21,Web Chat 21,web_chat,Web Chat 21 · Web Chat bots → Asistencia web · Especialidad: Seguimiento pedido,es-ES,es-ES-Standard-A
wc-22,Web Chat 22,web_chat,Web Chat 22 · Web Chat bots → Asistencia web · Especialidad: FAQ,es-ES,es-ES-Standard-A
wc-23,Web Chat 23,web_chat,Web Chat 23 · Web Chat bots → Asistencia web · Especialidad: Cobros,es-ES,es-ES-Standard-A
wc-24,Web Chat 24,web_chat,Web Chat 24 · Web Chat bots → Asistencia web · Especialidad: Ayuda compras,es-ES,es-ES-Standard-A
wc-25,Web Chat 25,web_chat,Web Chat 25 · Web Chat bots → Asistencia web · Especialidad: FAQ,es-ES,es-ES-Standard-A
ts-01,Tech Support 01,tech_support,Tech Support 01 · Technical Support bots → Soporte técnico · Especialidad: Incidencias,es-ES,es-ES-Standard-A
ts-02,Tech Support 02,tech_support,Tech Support 02 · Technical Support bots → Soporte técnico · Especialidad: Garantía,es-ES,es-ES-Standard-A
ts-03,Tech Support 03,tech_support,Tech Support 03 · Technical Support bots → Soporte técnico · Especialidad: Nivel 2,es-ES,es-ES-Standard-A
ts-04,Tech Support 04,tech_support,Tech Support 04 · Technical Support bots → Soporte técnico · Especialidad: Nivel 2,es-ES,es-ES-Standard-A
ts-05,Tech Support 05,tech_support,Tech Support 05 · Technical Support bots → Soporte técnico · Especialidad: Nivel 1,es-ES,es-ES-Standard-A
ts-06,Tech Support 06,tech_support,Tech Support 06 · Technical Support bots → Soporte técnico · Especialidad: Diagnóstico,es-ES,es-ES-Standard-A
ts-07,Tech Support 07,tech_support,Tech Support 07 · Technical Support bots → Soporte técnico · Especialidad: Incidencias,es-ES,es-ES-Standard-A
ts-08,Tech Support 08,tech_support,Tech Support 08 · Technical Support bots → Soporte técnico · Especialidad: Nivel 2,es-ES,es-ES-Standard-A
ts-09,Tech Support 09,tech_support,Tech Support 09 · Technical Support bots → Soporte técnico · Especialidad: Nivel 2,es-ES,es-ES-Standard-A
ts-10,Tech Support 10,tech_support,Tech Support 10 · Technical Support bots → Soporte técnico · Especialidad: Incidencias,es-ES,es-ES-Standard-A
ts-11,Tech Support 11,tech_support,Tech Support 11 · Technical Support bots → Soporte técnico · Especialidad: Incidencias,es-ES,es-ES-Standard-A
ts-12,Tech Support 12,tech_support,Tech Support 12 · Technical Support bots → Soporte técnico · Especialidad: Garantía,es-ES,es-ES-Standard-A
ts-13,Tech Support 13,tech_support,Tech Support 13 · Technical Support bots → Soporte técnico · Especialidad: Diagnóstico,es-ES,es-ES-Standard-A
ts-14,Tech Support 14,tech_support,Tech Support 14 · Technical Support bots → Soporte técnico · Especialidad: Incidencias,es-ES,es-ES-Standard-A
ts-15,Tech Support 15,tech_support,Tech Support 15 · Technical Support bots → Soporte técnico · Especialidad: Incidencias,es-ES,es-ES-Standard-A
ts-16,Tech Support 16,tech_support,Tech Support 16 · Technical Support bots → Soporte técnico · Especialidad: Diagnóstico,es-ES,es-ES-Standard-A
ts-17,Tech Support 17,tech_support,Tech Support 17 · Technical Support bots → Soporte técnico · Especialidad: Nivel 2,es-ES,es-ES-Standard-A
ts-18,Tech Support 18,tech_support,Tech Support 18 · Technical Support bots → Soporte técnico · Especialidad: Diagnóstico,es-ES,es-ES-Standard-A
ts-19,Tech Support 19,tech_support,Tech Support 19 · Technical Support bots → Soporte técnico · Especialidad: Diagnóstico,es-ES,es-ES-Standard-A
ts-20,Tech Support 20,tech_support,Tech Support 20 · Technical Support bots → Soporte técnico · Especialidad: Nivel 2,es-ES,es-ES-Standard-A
ss-01,Sector Expert 01,sector_specialists,Sector Expert 01 · Sector Specialist bots → Expertos por industria · Especialidad: Hotelero,es-ES,es-ES-Standard-A
ss-02,Sector Expert 02,sector_specialists,Sector Expert 02 · Sector Specialist bots → Expertos por industria · Especialidad: Retail,es-ES,es-ES-Standard-A
ss-03,Sector Expert 03,sector_specialists,Sector Expert 03 · Sector Specialist bots → Expertos por industria · Especialidad: Hotelero,es-ES,es-ES-Standard-A
ss-04,Sector Expert 04,sector_specialists,Sector Expert 04 · Sector Specialist bots → Expertos por industria · Especialidad: Educación,es-ES,es-ES-Standard-A
ss-05,Sector Expert 05,sector_specialists,Sector Expert 05 · Sector Specialist bots → Expertos por industria · Especialidad: Retail,es-ES,es-ES-Standard-A
ss-06,Sector Expert 06,sector_specialists,Sector Expert 06 · Sector Specialist bots → Expertos por industria · Especialidad: Educación,es-ES,es-ES-Standard-A
ss-07,Sector Expert 07,sector_specialists,Sector Expert 07 · Sector Specialist bots → Expertos por industria · Especialidad: Hotelero,es-ES,es-ES-Standard-A
ss-08,Sector Expert 08,sector_specialists,Sector Expert 08 · Sector Specialist bots → Expertos por industria · Especialidad: Restauración,es-ES,es-ES-Standard-A
ss-09,Sector Expert 09,sector_specialists,Sector Expert 09 · Sector Specialist bots → Expertos por industria · Especialidad: Retail,es-ES,es-ES-Standard-A
ss-10,Sector Expert 10,sector_specialists,Sector Expert 10 · Sector Specialist bots → Expertos por industria · Especialidad: Educación,es-ES,es-ES-Standard-A
ss-11,Sector Expert 11,sector_specialists,Sector Expert 11 · Sector Specialist bots → Expertos por industria · Especialidad: Educación,es-ES,es-ES-Standard-A
ss-12,Sector Expert 12,sector_specialists,Sector Expert 12 · Sector Specialist bots → Expertos por industria · Especialidad: Retail,es-ES,es-ES-Standard-A
ss-13,Sector Expert 13,sector_specialists,Sector Expert 13 · Sector Specialist bots → Expertos por industria · Especialidad: Eventos,es-ES,es-ES-Standard-A
ss-14,Sector Expert 14,sector_specialists,Sector Expert 14 · Sector Specialist bots → Expertos por industria · Especialidad: Restauración,es-ES,es-ES-Standard-A
ss-15,Sector Expert 15,sector_specialists,Sector Expert 15 · Sector Specialist bots → Expertos por industria · Especialidad: Hotelero,es-ES,es-ES-Standard-A
ss-16,Sector Expert 16,sector_specialists,Sector Expert 16 · Sector Specialist bots → Expertos por industria · Especialidad: Retail,es-ES,es-ES-Standard-A
ss-17,Sector Expert 17,sector_specialists,Sector Expert 17 · Sector Specialist bots → Expertos por industria · Especialidad: Hotelero,es-ES,es-ES-Standard-A
ss-18,Sector Expert 18,sector_specialists,Sector Expert 18 · Sector Specialist bots → Expertos por industria · Especialidad: Hotelero,es-ES,es-ES-Standard-A
ad-01,Admin Ops 01,administrative,Admin Ops 01 · Administrative bots → Operaciones corporativas · Especialidad: Recursos Humanos,es-ES,es-ES-Standard-A
ad-02,Admin Ops 02,administrative,Admin Ops 02 · Administrative bots → Operaciones corporativas · Especialidad: Agenda,es-ES,es-ES-Standard-A
ad-03,Admin Ops 03,administrative,Admin Ops 03 · Administrative bots → Operaciones corporativas · Especialidad: Compras,es-ES,es-ES-Standard-A
ad-04,Admin Ops 04,administrative,Admin Ops 04 · Administrative bots → Operaciones corporativas · Especialidad: Compras,es-ES,es-ES-Standard-A
ad-05,Admin Ops 05,administrative,Admin Ops 05 · Administrative bots → Operaciones corporativas · Especialidad: Contratos,es-ES,es-ES-Standard-A
ad-06,Admin Ops 06,administrative,Admin Ops 06 · Administrative bots → Operaciones corporativas · Especialidad: Compras,es-ES,es-ES-Standard-A
ad-07,Admin Ops 07,administrative,Admin Ops 07 · Administrative bots → Operaciones corporativas · Especialidad: Compras,es-ES,es-ES-Standard-A
ad-08,Admin Ops 08,administrative,Admin Ops 08 · Administrative bots → Operaciones corporativas · Especialidad: Compras,es-ES,es-ES-Standard-A
ad-09,Admin Ops 09,administrative,Admin Ops 09 · Administrative bots → Operaciones corporativas · Especialidad: Contratos,es-ES,es-ES-Standard-A
ad-10,Admin Ops 10,administrative,Admin Ops 10 · Administrative bots → Operaciones corporativas · Especialidad: Compras,es-ES,es-ES-Standard-A
ad-11,Admin Ops 11,administrative,Admin Ops 11 · Administrative bots → Operaciones corporativas · Especialidad: Agenda,es-ES,es-ES-Standard-A
ad-12,Admin Ops 12,administrative,Admin Ops 12 · Administrative bots → Operaciones corporativas · Especialidad: Facturación,es-ES,es-ES-Standard-A
