{
  "title":"Revenue Impact & Optimization",
  "refresh":"15s",
  "time":{"from":"now-6h","to":"now"},
  "panels":[
    {
      "type":"stat",
      "title":"Total Uplift (EUR)",
      "gridPos":{"x":0,"y":0,"w":4,"h":4},
      "targets":[{"expr":"sum(revenue_dynamic_uplift_amount_total)"}]
    },
    {
      "type":"graph",
      "title":"Quotes Elastic vs Baseline",
      "gridPos":{"x":4,"y":0,"w":8,"h":6},
      "targets":[
        {"expr":"sum(increase(revenue_dynamic_quote_total{variant=\"elastic\"}[30m])) by (listing)","legendFormat":"elastic-{{listing}}"}
      ]
    },
    {
      "type":"graph",
      "title":"Autopilot Composite Score",
      "gridPos":{"x":0,"y":4,"w":6,"h":6},
      "targets":[{"expr":"autopilot_composite_score"}]
    },
    {
      "type":"graph",
      "title":"Autopilot Actions",
      "gridPos":{"x":6,"y":4,"w":6,"h":6},
      "targets":[
        {"expr":"sum(increase(autopilot_actions_total[1h])) by (action)","legendFormat":"{{action}}"}
      ]
    },
    {
      "type":"graph",
      "title":"Block Rate vs Uplift",
      "gridPos":{"x":0,"y":10,"w":12,"h":6},
      "targets":[
        {"expr":"sum(increase(guardrails_blocks_total{type=\"block\"}[15m]))","legendFormat":"blocks"},
        {"expr":"sum(increase(revenue_dynamic_uplift_amount_total[15m]))","legendFormat":"uplift"}
      ]
    }
  ]
}