{
  "title": "Guardrails V2 Overview",
  "refresh": "10s",
  "schemaVersion": 39,
  "panels": [
    {
      "type": "stat",
      "title": "Moderation Requests / 5m",
      "gridPos": { "x":0,"y":0,"w":4,"h":4 },
      "targets": [
        { "expr": "sum(increase(guardrails_requests_total[5m]))" }
      ]
    },
    {
      "type":"graph",
      "title":"Blocks vs Soft Blocks",
      "gridPos":{"x":4,"y":0,"w":8,"h":8},
      "targets":[
        { "expr":"sum(increase(guardrails_blocks_total{type=\"block\"}[10m]))", "legendFormat":"block" },
        { "expr":"sum(increase(guardrails_blocks_total{type=\"soft_block\"}[10m]))", "legendFormat":"soft_block" }
      ]
    },
    {
      "type":"graph",
      "title":"Moderation Latency P95",
      "gridPos":{"x":0,"y":4,"w":6,"h":8},
      "targets":[
        { "expr":"histogram_quantile(0.95, sum(rate(guardrails_latency_seconds_bucket[5m])) by (le))" }
      ]
    },
    {
      "type":"graph",
      "title":"Vector Cache Efficiency",
      "gridPos":{"x":6,"y":4,"w":6,"h":8},
      "targets":[
        { "expr":"increase(guardrails_vector_hits_total[10m])", "legendFormat":"hits" },
        { "expr":"increase(guardrails_vector_misses_total[10m])", "legendFormat":"misses" }
      ]
    },
    {
      "type":"stat",
      "title":"Anomalies (5m)",
      "gridPos":{"x":0,"y":12,"w":4,"h":4},
      "targets":[
        { "expr":"increase(guardrails_anomaly_events_total[5m])" }
      ]
    },
    {
      "type":"graph",
      "title":"Block Rate (approx)",
      "gridPos":{"x":4,"y":12,"w":8,"h":8},
      "targets":[
        { "expr":"sum(increase(guardrails_blocks_total{type=\"block\"}[5m])) / sum(increase(guardrails_requests_total[5m]))", "legendFormat":"block_rate" }
      ]
    }
  ],
  "time": { "from":"now-1h","to":"now" }
}