{
  "title": "Sandra Express Ops",
  "refresh": "10s",
  "schemaVersion": 39,
  "time": { "from":"now-1h","to":"now" },
  "panels": [
    {
      "type":"stat",
      "title":"Active WS Sessions",
      "gridPos":{"x":0,"y":0,"w":4,"h":4},
      "targets":[{"expr":"ws_core_active_sessions"}]
    },
    {
      "type":"graph",
      "title":"LLM Latency p50/p95",
      "gridPos":{"x":4,"y":0,"w":8,"h":6},
      "targets":[
        {"expr":"histogram_quantile(0.5, sum(rate(llm_gateway_latency_seconds_bucket[5m])) by (le))","legendFormat":"p50"},
        {"expr":"histogram_quantile(0.95, sum(rate(llm_gateway_latency_seconds_bucket[5m])) by (le))","legendFormat":"p95"}
      ]
    },
    {
      "type":"graph",
      "title":"Agent Decisions (rate)",
      "gridPos":{"x":0,"y":4,"w":6,"h":6},
      "targets":[
        {"expr":"sum(rate(agent_hub_decisions_total[5m])) by (agent)","legendFormat":"{{agent}}"}
      ]
    },
    {
      "type":"graph",
      "title":"Guardrails Blocks",
      "gridPos":{"x":6,"y":4,"w":6,"h":6},
      "targets":[
        {"expr":"sum(increase(guardrails_blocks_total{type=\"block\"}[10m]))","legendFormat":"blocks"},
        {"expr":"sum(increase(guardrails_blocks_total{type=\"soft_block\"}[10m]))","legendFormat":"soft"}
      ]
    },
    {
      "type":"graph",
      "title":"Bookings Confirmed (15m)",
      "gridPos":{"x":0,"y":10,"w":6,"h":6},
      "targets":[
        {"expr":"sum(increase(revenue_engine_events_total{event_type=\"booking_confirmed\"}[15m]))","legendFormat":"bookings"}
      ]
    },
    {
      "type":"graph",
      "title":"Pricing Uplift Samples",
      "gridPos":{"x":6,"y":10,"w":6,"h":6},
      "targets":[
        {"expr":"sum(rate(ws_core_reply_tokens_total[5m]))","legendFormat":"tokens_proxy"}
      ]
    }
  ]
}