{
  "title": "Sandra IA 7.0 Overview",
  "schemaVersion": 39,
  "refresh": "10s",
  "panels": [
    {
      "type": "stat",
      "title": "WS Sessions",
      "targets": [
        { "expr": "ws_core_active_sessions", "refId": "A" }
      ],
      "gridPos": { "x":0,"y":0,"w":4,"h":4 }
    },
    {
      "type": "graph",
      "title": "Mensajes Usuario",
      "targets": [
        { "expr": "sum(rate(ws_core_messages_total[5m])) by (mode)", "refId": "A" }
      ],
      "gridPos": { "x":4,"y":0,"w":8,"h":8 }
    },
    {
      "type": "graph",
      "title": "Latency LLM (seg)",
      "targets": [
        { "expr": "histogram_quantile(0.5, sum(rate(llm_gateway_latency_seconds_bucket[5m])) by (le,provider))", "refId":"A" },
        { "expr": "histogram_quantile(0.9, sum(rate(llm_gateway_latency_seconds_bucket[5m])) by (le,provider))", "refId":"B" }
      ],
      "gridPos": { "x":0,"y":4,"w":12,"h":8 }
    },
    {
      "type": "graph",
      "title": "Tokens Respuesta",
      "targets": [
        { "expr": "sum(rate(ws_core_reply_tokens_total[5m])) by (provider)", "refId":"A" }
      ],
      "gridPos": { "x":0,"y":12,"w":6,"h":8 }
    },
    {
      "type": "graph",
      "title": "Errores LLM",
      "targets": [
        { "expr": "sum(increase(llm_gateway_errors_total[15m])) by (provider)", "refId":"A" }
      ],
      "gridPos": { "x":6,"y":12,"w":6,"h":8 }
    },
    {
      "type": "graph",
      "title": "Revenue Events",
      "targets": [
        { "expr": "sum(increase(revenue_engine_event_total[15m])) by (event_type)", "refId":"A" }
      ],
      "gridPos": { "x":0,"y":20,"w":12,"h":8 }
    }
  ]
}