{
  "title":"Revenue Forecast PRO",
  "refresh":"30s",
  "time":{"from":"now-12h","to":"now"},
  "panels":[
    {
      "type":"graph",
      "title":"Bookings per Hour (DB side proxy)",
      "gridPos":{"x":0,"y":0,"w":12,"h":8},
      "targets":[
        {"expr":"sum(increase(revenue_engine_events_total{event_type=\"booking_confirmed\"}[1h]))"}
      ]
    },
    {
      "type":"stat",
      "title":"Guardrails Anomalies (24h)",
      "gridPos":{"x":12,"y":0,"w":4,"h":4},
      "targets":[{"expr":"increase(guardrails_anomaly_events_total[24h])"}]
    },
    {
      "type":"graph",
      "title":"Agent Decision Rate",
      "gridPos":{"x":0,"y":8,"w":8,"h":6},
      "targets":[{"expr":"sum(rate(agent_hub_decisions_total[5m])) by (agent)"}]
    },
    {
      "type":"graph",
      "title":"LLM Latency Distribution",
      "gridPos":{"x":8,"y":8,"w":8,"h":6},
      "targets":[
        {"expr":"histogram_quantile(0.5, sum(rate(llm_gateway_latency_seconds_bucket[5m])) by (le))","legendFormat":"p50"},
        {"expr":"histogram_quantile(0.95, sum(rate(llm_gateway_latency_seconds_bucket[5m])) by (le))","legendFormat":"p95"}
      ]
    },
    {
      "type":"graph",
      "title":"Pricing Experiment Outcomes (proxy)",
      "gridPos":{"x":0,"y":14,"w":12,"h":6},
      "targets":[
        {"expr":"sum(increase(price_experiment_outcomes_total[30m])) by (result)","legendFormat":"{{result}}"}
      ]
    }
  ]
}