{
  "tools":[
    {
      "name":"booking_intent",
      "description":"Crear intención de reserva con fechas propuestas",
      "schema":{
        "type":"object",
        "properties":{
          "listingId":{"type":"string"},
          "checkin":{"type":"string","pattern":"^\\d{4}-\\d{2}-\\d{2}$"},
          "checkout":{"type":"string","pattern":"^\\d{4}-\\d{2}-\\d{2}$"}
        },
        "required":["listingId","checkin","checkout"]
      }
    },
    {
      "name":"semantic_search",
      "description":"Buscar contexto semántico top-K",
      "schema":{
        "type":"object",
        "properties":{
          "query":{"type":"string"}
        },
        "required":["query"]
      }
    }
  ]
}