[
  {
    "bot_id": "ccx-01",
    "name": "call_center X01",
    "category": "call_center",
    "source": "expansion-100"
  },
  {
    "bot_id": "ccx-02",
    "name": "call_center X02",
    "category": "call_center",
    "source": "expansion-100"
  },
  {
    "bot_id": "ccx-03",
    "name": "call_center X03",
    "category": "call_center",
    "source": "expansion-100"
  },
  {
    "bot_id": "ccx-04",
    "name": "call_center X04",
    "category": "call_center",
    "source": "expansion-100"
  },
  {
    "bot_id": "ccx-05",
    "name": "call_center X05",
    "category": "call_center",
    "source": "expansion-100"
  },
  {
    "bot_id": "ccx-06",
    "name": "call_center X06",
    "category": "call_center",
    "source": "expansion-100"
  },
  {
    "bot_id": "ccx-07",
    "name": "call_center X07",
    "category": "call_center",
    "source": "expansion-100"
  },
  {
    "bot_id": "ccx-08",
    "name": "call_center X08",
    "category": "call_center",
    "source": "expansion-100"
  },
  {
    "bot_id": "ccx-09",
    "name": "call_center X09",
    "category": "call_center",
    "source": "expansion-100"
  },
  {
    "bot_id": "ccx-10",
    "name": "call_center X10",
    "category": "call_center",
    "source": "expansion-100"
  },
  {
    "bot_id": "ccx-11",
    "name": "call_center X11",
    "category": "call_center",
    "source": "expansion-100"
  },
  {
    "bot_id": "ccx-12",
    "name": "call_center X12",
    "category": "call_center",
    "source": "expansion-100"
  },
  {
    "bot_id": "ccx-13",
    "name": "call_center X13",
    "category": "call_center",
    "source": "expansion-100"
  },
  {
    "bot_id": "ccx-14",
    "name": "call_center X14",
    "category": "call_center",
    "source": "expansion-100"
  },
  {
    "bot_id": "ccx-15",
    "name": "call_center X15",
    "category": "call_center",
    "source": "expansion-100"
  },
  {
    "bot_id": "sax-01",
    "name": "sales_agents X01",
    "category": "sales_agents",
    "source": "expansion-100"
  },
  {
    "bot_id": "sax-02",
    "name": "sales_agents X02",
    "category": "sales_agents",
    "source": "expansion-100"
  },
  {
    "bot_id": "sax-03",
    "name": "sales_agents X03",
    "category": "sales_agents",
    "source": "expansion-100"
  },
  {
    "bot_id": "sax-04",
    "name": "sales_agents X04",
    "category": "sales_agents",
    "source": "expansion-100"
  },
  {
    "bot_id": "sax-05",
    "name": "sales_agents X05",
    "category": "sales_agents",
    "source": "expansion-100"
  },
  {
    "bot_id": "sax-06",
    "name": "sales_agents X06",
    "category": "sales_agents",
    "source": "expansion-100"
  },
  {
    "bot_id": "sax-07",
    "name": "sales_agents X07",
    "category": "sales_agents",
    "source": "expansion-100"
  },
  {
    "bot_id": "sax-08",
    "name": "sales_agents X08",
    "category": "sales_agents",
    "source": "expansion-100"
  },
  {
    "bot_id": "sax-09",
    "name": "sales_agents X09",
    "category": "sales_agents",
    "source": "expansion-100"
  },
  {
    "bot_id": "sax-10",
    "name": "sales_agents X10",
    "category": "sales_agents",
    "source": "expansion-100"
  },
  {
    "bot_id": "sax-11",
    "name": "sales_agents X11",
    "category": "sales_agents",
    "source": "expansion-100"
  },
  {
    "bot_id": "sax-12",
    "name": "sales_agents X12",
    "category": "sales_agents",
    "source": "expansion-100"
  },
  {
    "bot_id": "sax-13",
    "name": "sales_agents X13",
    "category": "sales_agents",
    "source": "expansion-100"
  },
  {
    "bot_id": "sax-14",
    "name": "sales_agents X14",
    "category": "sales_agents",
    "source": "expansion-100"
  },
  {
    "bot_id": "sax-15",
    "name": "sales_agents X15",
    "category": "sales_agents",
    "source": "expansion-100"
  },
  {
    "bot_id": "wcx-01",
    "name": "web_chat X01",
    "category": "web_chat",
    "source": "expansion-100"
  },
  {
    "bot_id": "wcx-02",
    "name": "web_chat X02",
    "category": "web_chat",
    "source": "expansion-100"
  },
  {
    "bot_id": "wcx-03",
    "name": "web_chat X03",
    "category": "web_chat",
    "source": "expansion-100"
  },
  {
    "bot_id": "wcx-04",
    "name": "web_chat X04",
    "category": "web_chat",
    "source": "expansion-100"
  },
  {
    "bot_id": "wcx-05",
    "name": "web_chat X05",
    "category": "web_chat",
    "source": "expansion-100"
  },
  {
    "bot_id": "wcx-06",
    "name": "web_chat X06",
    "category": "web_chat",
    "source": "expansion-100"
  },
  {
    "bot_id": "wcx-07",
    "name": "web_chat X07",
    "category": "web_chat",
    "source": "expansion-100"
  },
  {
    "bot_id": "wcx-08",
    "name": "web_chat X08",
    "category": "web_chat",
    "source": "expansion-100"
  },
  {
    "bot_id": "wcx-09",
    "name": "web_chat X09",
    "category": "web_chat",
    "source": "expansion-100"
  },
  {
    "bot_id": "wcx-10",
    "name": "web_chat X10",
    "category": "web_chat",
    "source": "expansion-100"
  },
  {
    "bot_id": "wcx-11",
    "name": "web_chat X11",
    "category": "web_chat",
    "source": "expansion-100"
  },
  {
    "bot_id": "wcx-12",
    "name": "web_chat X12",
    "category": "web_chat",
    "source": "expansion-100"
  },
  {
    "bot_id": "wcx-13",
    "name": "web_chat X13",
    "category": "web_chat",
    "source": "expansion-100"
  },
  {
    "bot_id": "wcx-14",
    "name": "web_chat X14",
    "category": "web_chat",
    "source": "expansion-100"
  },
  {
    "bot_id": "wcx-15",
    "name": "web_chat X15",
    "category": "web_chat",
    "source": "expansion-100"
  },
  {
    "bot_id": "wcx-16",
    "name": "web_chat X16",
    "category": "web_chat",
    "source": "expansion-100"
  },
  {
    "bot_id": "wcx-17",
    "name": "web_chat X17",
    "category": "web_chat",
    "source": "expansion-100"
  },
  {
    "bot_id": "wcx-18",
    "name": "web_chat X18",
    "category": "web_chat",
    "source": "expansion-100"
  },
  {
    "bot_id": "wcx-19",
    "name": "web_chat X19",
    "category": "web_chat",
    "source": "expansion-100"
  },
  {
    "bot_id": "wcx-20",
    "name": "web_chat X20",
    "category": "web_chat",
    "source": "expansion-100"
  },
  {
    "bot_id": "tsx-01",
    "name": "tech_support X01",
    "category": "tech_support",
    "source": "expansion-100"
  },
  {
    "bot_id": "tsx-02",
    "name": "tech_support X02",
    "category": "tech_support",
    "source": "expansion-100"
  },
  {
    "bot_id": "tsx-03",
    "name": "tech_support X03",
    "category": "tech_support",
    "source": "expansion-100"
  },
  {
    "bot_id": "tsx-04",
    "name": "tech_support X04",
    "category": "tech_support",
    "source": "expansion-100"
  },
  {
    "bot_id": "tsx-05",
    "name": "tech_support X05",
    "category": "tech_support",
    "source": "expansion-100"
  },
  {
    "bot_id": "tsx-06",
    "name": "tech_support X06",
    "category": "tech_support",
    "source": "expansion-100"
  },
  {
    "bot_id": "tsx-07",
    "name": "tech_support X07",
    "category": "tech_support",
    "source": "expansion-100"
  },
  {
    "bot_id": "tsx-08",
    "name": "tech_support X08",
    "category": "tech_support",
    "source": "expansion-100"
  },
  {
    "bot_id": "tsx-09",
    "name": "tech_support X09",
    "category": "tech_support",
    "source": "expansion-100"
  },
  {
    "bot_id": "tsx-10",
    "name": "tech_support X10",
    "category": "tech_support",
    "source": "expansion-100"
  },
  {
    "bot_id": "tsx-11",
    "name": "tech_support X11",
    "category": "tech_support",
    "source": "expansion-100"
  },
  {
    "bot_id": "tsx-12",
    "name": "tech_support X12",
    "category": "tech_support",
    "source": "expansion-100"
  },
  {
    "bot_id": "tsx-13",
    "name": "tech_support X13",
    "category": "tech_support",
    "source": "expansion-100"
  },
  {
    "bot_id": "tsx-14",
    "name": "tech_support X14",
    "category": "tech_support",
    "source": "expansion-100"
  },
  {
    "bot_id": "tsx-15",
    "name": "tech_support X15",
    "category": "tech_support",
    "source": "expansion-100"
  },
  {
    "bot_id": "ssx-01",
    "name": "sector_specialists X01",
    "category": "sector_specialists",
    "source": "expansion-100"
  },
  {
    "bot_id": "ssx-02",
    "name": "sector_specialists X02",
    "category": "sector_specialists",
    "source": "expansion-100"
  },
  {
    "bot_id": "ssx-03",
    "name": "sector_specialists X03",
    "category": "sector_specialists",
    "source": "expansion-100"
  },
  {
    "bot_id": "ssx-04",
    "name": "sector_specialists X04",
    "category": "sector_specialists",
    "source": "expansion-100"
  },
  {
    "bot_id": "ssx-05",
    "name": "sector_specialists X05",
    "category": "sector_specialists",
    "source": "expansion-100"
  },
  {
    "bot_id": "ssx-06",
    "name": "sector_specialists X06",
    "category": "sector_specialists",
    "source": "expansion-100"
  },
  {
    "bot_id": "ssx-07",
    "name": "sector_specialists X07",
    "category": "sector_specialists",
    "source": "expansion-100"
  },
  {
    "bot_id": "ssx-08",
    "name": "sector_specialists X08",
    "category": "sector_specialists",
    "source": "expansion-100"
  },
  {
    "bot_id": "ssx-09",
    "name": "sector_specialists X09",
    "category": "sector_specialists",
    "source": "expansion-100"
  },
  {
    "bot_id": "ssx-10",
    "name": "sector_specialists X10",
    "category": "sector_specialists",
    "source": "expansion-100"
  },
  {
    "bot_id": "ssx-11",
    "name": "sector_specialists X11",
    "category": "sector_specialists",
    "source": "expansion-100"
  },
  {
    "bot_id": "ssx-12",
    "name": "sector_specialists X12",
    "category": "sector_specialists",
    "source": "expansion-100"
  },
  {
    "bot_id": "ssx-13",
    "name": "sector_specialists X13",
    "category": "sector_specialists",
    "source": "expansion-100"
  },
  {
    "bot_id": "ssx-14",
    "name": "sector_specialists X14",
    "category": "sector_specialists",
    "source": "expansion-100"
  },
  {
    "bot_id": "ssx-15",
    "name": "sector_specialists X15",
    "category": "sector_specialists",
    "source": "expansion-100"
  },
  {
    "bot_id": "ssx-16",
    "name": "sector_specialists X16",
    "category": "sector_specialists",
    "source": "expansion-100"
  },
  {
    "bot_id": "ssx-17",
    "name": "sector_specialists X17",
    "category": "sector_specialists",
    "source": "expansion-100"
  },
  {
    "bot_id": "ssx-18",
    "name": "sector_specialists X18",
    "category": "sector_specialists",
    "source": "expansion-100"
  },
  {
    "bot_id": "ssx-19",
    "name": "sector_specialists X19",
    "category": "sector_specialists",
    "source": "expansion-100"
  },
  {
    "bot_id": "ssx-20",
    "name": "sector_specialists X20",
    "category": "sector_specialists",
    "source": "expansion-100"
  },
  {
    "bot_id": "adx-01",
    "name": "administrative X01",
    "category": "administrative",
    "source": "expansion-100"
  },
  {
    "bot_id": "adx-02",
    "name": "administrative X02",
    "category": "administrative",
    "source": "expansion-100"
  },
  {
    "bot_id": "adx-03",
    "name": "administrative X03",
    "category": "administrative",
    "source": "expansion-100"
  },
  {
    "bot_id": "adx-04",
    "name": "administrative X04",
    "category": "administrative",
    "source": "expansion-100"
  },
  {
    "bot_id": "adx-05",
    "name": "administrative X05",
    "category": "administrative",
    "source": "expansion-100"
  },
  {
    "bot_id": "adx-06",
    "name": "administrative X06",
    "category": "administrative",
    "source": "expansion-100"
  },
  {
    "bot_id": "adx-07",
    "name": "administrative X07",
    "category": "administrative",
    "source": "expansion-100"
  },
  {
    "bot_id": "adx-08",
    "name": "administrative X08",
    "category": "administrative",
    "source": "expansion-100"
  },
  {
    "bot_id": "adx-09",
    "name": "administrative X09",
    "category": "administrative",
    "source": "expansion-100"
  },
  {
    "bot_id": "adx-10",
    "name": "administrative X10",
    "category": "administrative",
    "source": "expansion-100"
  },
  {
    "bot_id": "adx-11",
    "name": "administrative X11",
    "category": "administrative",
    "source": "expansion-100"
  },
  {
    "bot_id": "adx-12",
    "name": "administrative X12",
    "category": "administrative",
    "source": "expansion-100"
  },
  {
    "bot_id": "adx-13",
    "name": "administrative X13",
    "category": "administrative",
    "source": "expansion-100"
  },
  {
    "bot_id": "adx-14",
    "name": "administrative X14",
    "category": "administrative",
    "source": "expansion-100"
  },
  {
    "bot_id": "adx-15",
    "name": "administrative X15",
    "category": "administrative",
    "source": "expansion-100"
  }
]