bot_id,name,category,source
ccx-01,call_center X01,call_center,expansion-100
ccx-02,call_center X02,call_center,expansion-100
ccx-03,call_center X03,call_center,expansion-100
ccx-04,call_center X04,call_center,expansion-100
ccx-05,call_center X05,call_center,expansion-100
ccx-06,call_center X06,call_center,expansion-100
ccx-07,call_center X07,call_center,expansion-100
ccx-08,call_center X08,call_center,expansion-100
ccx-09,call_center X09,call_center,expansion-100
ccx-10,call_center X10,call_center,expansion-100
ccx-11,call_center X11,call_center,expansion-100
ccx-12,call_center X12,call_center,expansion-100
ccx-13,call_center X13,call_center,expansion-100
ccx-14,call_center X14,call_center,expansion-100
ccx-15,call_center X15,call_center,expansion-100
sax-01,sales_agents X01,sales_agents,expansion-100
sax-02,sales_agents X02,sales_agents,expansion-100
sax-03,sales_agents X03,sales_agents,expansion-100
sax-04,sales_agents X04,sales_agents,expansion-100
sax-05,sales_agents X05,sales_agents,expansion-100
sax-06,sales_agents X06,sales_agents,expansion-100
sax-07,sales_agents X07,sales_agents,expansion-100
sax-08,sales_agents X08,sales_agents,expansion-100
sax-09,sales_agents X09,sales_agents,expansion-100
sax-10,sales_agents X10,sales_agents,expansion-100
sax-11,sales_agents X11,sales_agents,expansion-100
sax-12,sales_agents X12,sales_agents,expansion-100
sax-13,sales_agents X13,sales_agents,expansion-100
sax-14,sales_agents X14,sales_agents,expansion-100
sax-15,sales_agents X15,sales_agents,expansion-100
wcx-01,web_chat X01,web_chat,expansion-100
wcx-02,web_chat X02,web_chat,expansion-100
wcx-03,web_chat X03,web_chat,expansion-100
wcx-04,web_chat X04,web_chat,expansion-100
wcx-05,web_chat X05,web_chat,expansion-100
wcx-06,web_chat X06,web_chat,expansion-100
wcx-07,web_chat X07,web_chat,expansion-100
wcx-08,web_chat X08,web_chat,expansion-100
wcx-09,web_chat X09,web_chat,expansion-100
wcx-10,web_chat X10,web_chat,expansion-100
wcx-11,web_chat X11,web_chat,expansion-100
wcx-12,web_chat X12,web_chat,expansion-100
wcx-13,web_chat X13,web_chat,expansion-100
wcx-14,web_chat X14,web_chat,expansion-100
wcx-15,web_chat X15,web_chat,expansion-100
wcx-16,web_chat X16,web_chat,expansion-100
wcx-17,web_chat X17,web_chat,expansion-100
wcx-18,web_chat X18,web_chat,expansion-100
wcx-19,web_chat X19,web_chat,expansion-100
wcx-20,web_chat X20,web_chat,expansion-100
tsx-01,tech_support X01,tech_support,expansion-100
tsx-02,tech_support X02,tech_support,expansion-100
tsx-03,tech_support X03,tech_support,expansion-100
tsx-04,tech_support X04,tech_support,expansion-100
tsx-05,tech_support X05,tech_support,expansion-100
tsx-06,tech_support X06,tech_support,expansion-100
tsx-07,tech_support X07,tech_support,expansion-100
tsx-08,tech_support X08,tech_support,expansion-100
tsx-09,tech_support X09,tech_support,expansion-100
tsx-10,tech_support X10,tech_support,expansion-100
tsx-11,tech_support X11,tech_support,expansion-100
tsx-12,tech_support X12,tech_support,expansion-100
tsx-13,tech_support X13,tech_support,expansion-100
tsx-14,tech_support X14,tech_support,expansion-100
tsx-15,tech_support X15,tech_support,expansion-100
ssx-01,sector_specialists X01,sector_specialists,expansion-100
ssx-02,sector_specialists X02,sector_specialists,expansion-100
ssx-03,sector_specialists X03,sector_specialists,expansion-100
ssx-04,sector_specialists X04,sector_specialists,expansion-100
ssx-05,sector_specialists X05,sector_specialists,expansion-100
ssx-06,sector_specialists X06,sector_specialists,expansion-100
ssx-07,sector_specialists X07,sector_specialists,expansion-100
ssx-08,sector_specialists X08,sector_specialists,expansion-100
ssx-09,sector_specialists X09,sector_specialists,expansion-100
ssx-10,sector_specialists X10,sector_specialists,expansion-100
ssx-11,sector_specialists X11,sector_specialists,expansion-100
ssx-12,sector_specialists X12,sector_specialists,expansion-100
ssx-13,sector_specialists X13,sector_specialists,expansion-100
ssx-14,sector_specialists X14,sector_specialists,expansion-100
ssx-15,sector_specialists X15,sector_specialists,expansion-100
ssx-16,sector_specialists X16,sector_specialists,expansion-100
ssx-17,sector_specialists X17,sector_specialists,expansion-100
ssx-18,sector_specialists X18,sector_specialists,expansion-100
ssx-19,sector_specialists X19,sector_specialists,expansion-100
ssx-20,sector_specialists X20,sector_specialists,expansion-100
adx-01,administrative X01,administrative,expansion-100
adx-02,administrative X02,administrative,expansion-100
adx-03,administrative X03,administrative,expansion-100
adx-04,administrative X04,administrative,expansion-100
adx-05,administrative X05,administrative,expansion-100
adx-06,administrative X06,administrative,expansion-100
adx-07,administrative X07,administrative,expansion-100
adx-08,administrative X08,administrative,expansion-100
adx-09,administrative X09,administrative,expansion-100
adx-10,administrative X10,administrative,expansion-100
adx-11,administrative X11,administrative,expansion-100
adx-12,administrative X12,administrative,expansion-100
adx-13,administrative X13,administrative,expansion-100
adx-14,administrative X14,administrative,expansion-100
adx-15,administrative X15,administrative,expansion-100