{
  "channels": [
    {
      "key": "crypto-daily",
      "title": "Crypto Daily (ES) — educativo",
      "schedule": "06,18",
      "avatars": [
        "Analyst",
        "Moderator"
      ]
    },
    {
      "key": "defi-debates",
      "title": "DeFi Debates — avatar vs avatar (ES)",
      "schedule": "12",
      "avatars": [
        "Tecnico",
        "Fundamental",
        "Moderador"
      ]
    },
    {
      "key": "tutorials-pro",
      "title": "Trading Concepts (educativo)",
      "schedule": "22",
      "avatars": [
        "Instructor"
      ]
    }
  ]
}