sector,modelo,domain,path
docendo,valencia,docendo-valencia.guestsvalencia.es,franchises/sectorial/docendo/valencia
docendo,madrid,docendo-madrid.guestsvalencia.es,franchises/sectorial/docendo/madrid
docendo,barcelona,docendo-barcelona.guestsvalencia.es,franchises/sectorial/docendo/barcelona
docendo,sevilla,docendo-sevilla.guestsvalencia.es,franchises/sectorial/docendo/sevilla
docendo,malaga,docendo-malaga.guestsvalencia.es,franchises/sectorial/docendo/malaga
docendo,alicante,docendo-alicante.guestsvalencia.es,franchises/sectorial/docendo/alicante
docendo,murcia,docendo-murcia.guestsvalencia.es,franchises/sectorial/docendo/murcia
docendo,zaragoza,docendo-zaragoza.guestsvalencia.es,franchises/sectorial/docendo/zaragoza
docendo,baleares,docendo-baleares.guestsvalencia.es,franchises/sectorial/docendo/baleares
docendo,canarias,docendo-canarias.guestsvalencia.es,franchises/sectorial/docendo/canarias
docendo,cantabria,docendo-cantabria.guestsvalencia.es,franchises/sectorial/docendo/cantabria
docendo,euskadi,docendo-euskadi.guestsvalencia.es,franchises/sectorial/docendo/euskadi
docendo,galicia,docendo-galicia.guestsvalencia.es,franchises/sectorial/docendo/galicia
docendo,castilla,docendo-castilla.guestsvalencia.es,franchises/sectorial/docendo/castilla
docendo,rioja,docendo-rioja.guestsvalencia.es,franchises/sectorial/docendo/rioja
hospitales,modelo-01,hospitales-modelo-01.guestsvalencia.es,franchises/sectorial/hospitales/modelo-01
hospitales,modelo-02,hospitales-modelo-02.guestsvalencia.es,franchises/sectorial/hospitales/modelo-02
hospitales,modelo-03,hospitales-modelo-03.guestsvalencia.es,franchises/sectorial/hospitales/modelo-03
hospitales,modelo-04,hospitales-modelo-04.guestsvalencia.es,franchises/sectorial/hospitales/modelo-04
hospitales,modelo-05,hospitales-modelo-05.guestsvalencia.es,franchises/sectorial/hospitales/modelo-05
hospitales,modelo-06,hospitales-modelo-06.guestsvalencia.es,franchises/sectorial/hospitales/modelo-06
hospitales,modelo-07,hospitales-modelo-07.guestsvalencia.es,franchises/sectorial/hospitales/modelo-07
hospitales,modelo-08,hospitales-modelo-08.guestsvalencia.es,franchises/sectorial/hospitales/modelo-08
hospitales,modelo-09,hospitales-modelo-09.guestsvalencia.es,franchises/sectorial/hospitales/modelo-09
hospitales,modelo-10,hospitales-modelo-10.guestsvalencia.es,franchises/sectorial/hospitales/modelo-10
hospitales,modelo-11,hospitales-modelo-11.guestsvalencia.es,franchises/sectorial/hospitales/modelo-11
hospitales,modelo-12,hospitales-modelo-12.guestsvalencia.es,franchises/sectorial/hospitales/modelo-12
hospitales,modelo-13,hospitales-modelo-13.guestsvalencia.es,franchises/sectorial/hospitales/modelo-13
hospitales,modelo-14,hospitales-modelo-14.guestsvalencia.es,franchises/sectorial/hospitales/modelo-14
hospitales,modelo-15,hospitales-modelo-15.guestsvalencia.es,franchises/sectorial/hospitales/modelo-15
hospitales,modelo-16,hospitales-modelo-16.guestsvalencia.es,franchises/sectorial/hospitales/modelo-16
hospitales,modelo-17,hospitales-modelo-17.guestsvalencia.es,franchises/sectorial/hospitales/modelo-17
hospitales,modelo-18,hospitales-modelo-18.guestsvalencia.es,franchises/sectorial/hospitales/modelo-18
hospitales,modelo-19,hospitales-modelo-19.guestsvalencia.es,franchises/sectorial/hospitales/modelo-19
hospitales,modelo-20,hospitales-modelo-20.guestsvalencia.es,franchises/sectorial/hospitales/modelo-20
centros-comerciales,modelo-01,centros-comerciales-modelo-01.guestsvalencia.es,franchises/sectorial/centros-comerciales/modelo-01
centros-comerciales,modelo-02,centros-comerciales-modelo-02.guestsvalencia.es,franchises/sectorial/centros-comerciales/modelo-02
centros-comerciales,modelo-03,centros-comerciales-modelo-03.guestsvalencia.es,franchises/sectorial/centros-comerciales/modelo-03
centros-comerciales,modelo-04,centros-comerciales-modelo-04.guestsvalencia.es,franchises/sectorial/centros-comerciales/modelo-04
centros-comerciales,modelo-05,centros-comerciales-modelo-05.guestsvalencia.es,franchises/sectorial/centros-comerciales/modelo-05
centros-comerciales,modelo-06,centros-comerciales-modelo-06.guestsvalencia.es,franchises/sectorial/centros-comerciales/modelo-06
centros-comerciales,modelo-07,centros-comerciales-modelo-07.guestsvalencia.es,franchises/sectorial/centros-comerciales/modelo-07
centros-comerciales,modelo-08,centros-comerciales-modelo-08.guestsvalencia.es,franchises/sectorial/centros-comerciales/modelo-08
centros-comerciales,modelo-09,centros-comerciales-modelo-09.guestsvalencia.es,franchises/sectorial/centros-comerciales/modelo-09
centros-comerciales,modelo-10,centros-comerciales-modelo-10.guestsvalencia.es,franchises/sectorial/centros-comerciales/modelo-10
centros-comerciales,modelo-11,centros-comerciales-modelo-11.guestsvalencia.es,franchises/sectorial/centros-comerciales/modelo-11
centros-comerciales,modelo-12,centros-comerciales-modelo-12.guestsvalencia.es,franchises/sectorial/centros-comerciales/modelo-12
centros-comerciales,modelo-13,centros-comerciales-modelo-13.guestsvalencia.es,franchises/sectorial/centros-comerciales/modelo-13
centros-comerciales,modelo-14,centros-comerciales-modelo-14.guestsvalencia.es,franchises/sectorial/centros-comerciales/modelo-14
centros-comerciales,modelo-15,centros-comerciales-modelo-15.guestsvalencia.es,franchises/sectorial/centros-comerciales/modelo-15
bibliotecas,modelo-01,bibliotecas-modelo-01.guestsvalencia.es,franchises/sectorial/bibliotecas/modelo-01
bibliotecas,modelo-02,bibliotecas-modelo-02.guestsvalencia.es,franchises/sectorial/bibliotecas/modelo-02
bibliotecas,modelo-03,bibliotecas-modelo-03.guestsvalencia.es,franchises/sectorial/bibliotecas/modelo-03
bibliotecas,modelo-04,bibliotecas-modelo-04.guestsvalencia.es,franchises/sectorial/bibliotecas/modelo-04
bibliotecas,modelo-05,bibliotecas-modelo-05.guestsvalencia.es,franchises/sectorial/bibliotecas/modelo-05
bibliotecas,modelo-06,bibliotecas-modelo-06.guestsvalencia.es,franchises/sectorial/bibliotecas/modelo-06
bibliotecas,modelo-07,bibliotecas-modelo-07.guestsvalencia.es,franchises/sectorial/bibliotecas/modelo-07
bibliotecas,modelo-08,bibliotecas-modelo-08.guestsvalencia.es,franchises/sectorial/bibliotecas/modelo-08
bibliotecas,modelo-09,bibliotecas-modelo-09.guestsvalencia.es,franchises/sectorial/bibliotecas/modelo-09
bibliotecas,modelo-10,bibliotecas-modelo-10.guestsvalencia.es,franchises/sectorial/bibliotecas/modelo-10
bibliotecas,modelo-11,bibliotecas-modelo-11.guestsvalencia.es,franchises/sectorial/bibliotecas/modelo-11
bibliotecas,modelo-12,bibliotecas-modelo-12.guestsvalencia.es,franchises/sectorial/bibliotecas/modelo-12
ayuntamientos,modelo-01,ayuntamientos-modelo-01.guestsvalencia.es,franchises/sectorial/ayuntamientos/modelo-01
ayuntamientos,modelo-02,ayuntamientos-modelo-02.guestsvalencia.es,franchises/sectorial/ayuntamientos/modelo-02
ayuntamientos,modelo-03,ayuntamientos-modelo-03.guestsvalencia.es,franchises/sectorial/ayuntamientos/modelo-03
ayuntamientos,modelo-04,ayuntamientos-modelo-04.guestsvalencia.es,franchises/sectorial/ayuntamientos/modelo-04
ayuntamientos,modelo-05,ayuntamientos-modelo-05.guestsvalencia.es,franchises/sectorial/ayuntamientos/modelo-05
ayuntamientos,modelo-06,ayuntamientos-modelo-06.guestsvalencia.es,franchises/sectorial/ayuntamientos/modelo-06
ayuntamientos,modelo-07,ayuntamientos-modelo-07.guestsvalencia.es,franchises/sectorial/ayuntamientos/modelo-07
ayuntamientos,modelo-08,ayuntamientos-modelo-08.guestsvalencia.es,franchises/sectorial/ayuntamientos/modelo-08
ayuntamientos,modelo-09,ayuntamientos-modelo-09.guestsvalencia.es,franchises/sectorial/ayuntamientos/modelo-09
ayuntamientos,modelo-10,ayuntamientos-modelo-10.guestsvalencia.es,franchises/sectorial/ayuntamientos/modelo-10
cruceros-parques,modelo-01,cruceros-parques-modelo-01.guestsvalencia.es,franchises/sectorial/cruceros-parques/modelo-01
cruceros-parques,modelo-02,cruceros-parques-modelo-02.guestsvalencia.es,franchises/sectorial/cruceros-parques/modelo-02
cruceros-parques,modelo-03,cruceros-parques-modelo-03.guestsvalencia.es,franchises/sectorial/cruceros-parques/modelo-03
cruceros-parques,modelo-04,cruceros-parques-modelo-04.guestsvalencia.es,franchises/sectorial/cruceros-parques/modelo-04
cruceros-parques,modelo-05,cruceros-parques-modelo-05.guestsvalencia.es,franchises/sectorial/cruceros-parques/modelo-05
cruceros-parques,modelo-06,cruceros-parques-modelo-06.guestsvalencia.es,franchises/sectorial/cruceros-parques/modelo-06
cruceros-parques,modelo-07,cruceros-parques-modelo-07.guestsvalencia.es,franchises/sectorial/cruceros-parques/modelo-07
cruceros-parques,modelo-08,cruceros-parques-modelo-08.guestsvalencia.es,franchises/sectorial/cruceros-parques/modelo-08
cruceros-parques,modelo-09,cruceros-parques-modelo-09.guestsvalencia.es,franchises/sectorial/cruceros-parques/modelo-09
cruceros-parques,modelo-10,cruceros-parques-modelo-10.guestsvalencia.es,franchises/sectorial/cruceros-parques/modelo-10
cruceros-parques,modelo-11,cruceros-parques-modelo-11.guestsvalencia.es,franchises/sectorial/cruceros-parques/modelo-11
cruceros-parques,modelo-12,cruceros-parques-modelo-12.guestsvalencia.es,franchises/sectorial/cruceros-parques/modelo-12
cruceros-parques,modelo-13,cruceros-parques-modelo-13.guestsvalencia.es,franchises/sectorial/cruceros-parques/modelo-13
cruceros-parques,modelo-14,cruceros-parques-modelo-14.guestsvalencia.es,franchises/sectorial/cruceros-parques/modelo-14
cruceros-parques,modelo-15,cruceros-parques-modelo-15.guestsvalencia.es,franchises/sectorial/cruceros-parques/modelo-15
cruceros-parques,modelo-16,cruceros-parques-modelo-16.guestsvalencia.es,franchises/sectorial/cruceros-parques/modelo-16
cruceros-parques,modelo-17,cruceros-parques-modelo-17.guestsvalencia.es,franchises/sectorial/cruceros-parques/modelo-17
cruceros-parques,modelo-18,cruceros-parques-modelo-18.guestsvalencia.es,franchises/sectorial/cruceros-parques/modelo-18
cruceros-parques,modelo-19,cruceros-parques-modelo-19.guestsvalencia.es,franchises/sectorial/cruceros-parques/modelo-19
cruceros-parques,modelo-20,cruceros-parques-modelo-20.guestsvalencia.es,franchises/sectorial/cruceros-parques/modelo-20
cruceros-parques,modelo-21,cruceros-parques-modelo-21.guestsvalencia.es,franchises/sectorial/cruceros-parques/modelo-21
cruceros-parques,modelo-22,cruceros-parques-modelo-22.guestsvalencia.es,franchises/sectorial/cruceros-parques/modelo-22
cruceros-parques,modelo-23,cruceros-parques-modelo-23.guestsvalencia.es,franchises/sectorial/cruceros-parques/modelo-23
cruceros-parques,modelo-24,cruceros-parques-modelo-24.guestsvalencia.es,franchises/sectorial/cruceros-parques/modelo-24
cruceros-parques,modelo-25,cruceros-parques-modelo-25.guestsvalencia.es,franchises/sectorial/cruceros-parques/modelo-25
