{
  "uid": "sandra-deep-retrieval",
  "title": "Sandra Deep Retrieval & Hybrid Performance",
  "schemaVersion": 38,
  "version": 1,
  "refresh": "15s",
  "tags": ["retrieval","hybrid","sandra"],
  "panels": [
    {
      "type": "row",
      "title": "Latency Distributions",
      "gridPos": { "h":1, "w":24, "x":0, "y":0 }
    },
    {
      "type": "timeseries",
      "title": "Dense Search Latency p95",
      "id": 10,
      "gridPos": { "h":6,"w":6,"x":0,"y":1 },
      "targets": [
        { "expr":"histogram_quantile(0.95,sum(rate(retrieval_dense_latency_ms_bucket[5m])) by (le))", "legendFormat":"p95" }
      ],
      "fieldConfig": {
        "defaults": { "thresholds": { "mode":"absolute","steps":[{"color":"green","value":0},{"color":"yellow","value":50},{"color":"red","value":90}] } }
      }
    },
    {
      "type": "timeseries",
      "title": "Sparse Search Latency p95",
      "id": 11,
      "gridPos": { "h":6,"w":6,"x":6,"y":1 },
      "targets": [
        { "expr":"histogram_quantile(0.95,sum(rate(retrieval_sparse_latency_ms_bucket[5m])) by (le))","legendFormat":"p95" }
      ],
      "fieldConfig": {
        "defaults": { "thresholds": { "mode":"absolute","steps":[{"color":"green","value":0},{"color":"yellow","value":70},{"color":"red","value":110}] } }
      }
    },
    {
      "type": "timeseries",
      "title": "MultiModal Latency p95",
      "id": 12,
      "gridPos": { "h":6,"w":6,"x":12,"y":1 },
      "targets": [
        { "expr":"histogram_quantile(0.95,sum(rate(retrieval_multimodal_latency_ms_bucket[5m])) by (le))","legendFormat":"p95" }
      ]
    },
    {
      "type": "timeseries",
      "title": "Hybrid Total Latency p95",
      "id": 13,
      "gridPos": { "h":6,"w":6,"x":18,"y":1 },
      "targets": [
        { "expr":"histogram_quantile(0.95,sum(rate(retrieval_latency_ms_bucket[5m])) by (le))","legendFormat":"p95" }
      ],
      "fieldConfig": {
        "defaults": { "thresholds": { "mode":"absolute","steps":[{"color":"green","value":0},{"color":"yellow","value":120},{"color":"red","value":200}] } }
      }
    },
    {
      "type":"row",
      "title":"Composition & Ratios",
      "gridPos":{"h":1,"w":24,"x":0,"y":7}
    },
    {
      "type":"timeseries",
      "title":"Hybrid Blend Dense Ratio",
      "id":20,
      "gridPos":{"h":6,"w":6,"x":0,"y":8},
      "targets":[{"expr":"avg_over_time(retrieval_hybrid_blend_ratio[5m])","legendFormat":"dense_ratio"}],
      "fieldConfig":{"defaults":{"thresholds":{"mode":"percentage","steps":[{"color":"red","value":0},{"color":"yellow","value":0.4},{"color":"green","value":0.5}]}}}
    },
    {
      "type":"timeseries",
      "title":"Edge Cache Hit Ratio",
      "id":21,
      "gridPos":{"h":6,"w":6,"x":6,"y":8},
      "targets":[{"expr":"sum(rate(edge_cache_hit_total[5m]))/(sum(rate(edge_cache_hit_total[5m]))+sum(rate(edge_cache_miss_total[5m])))","legendFormat":"hit_ratio"}],
      "fieldConfig":{"defaults":{"unit":"percentunit","thresholds":{"mode":"absolute","steps":[{"color":"red","value":0},{"color":"yellow","value":0.7},{"color":"green","value":0.85}]}}}
    },
    {
      "type":"timeseries",
      "title":"Queries per 30s",
      "id":22,
      "gridPos":{"h":6,"w":6,"x":12,"y":8},
      "targets":[{"expr":"sum(rate(retrieval_latency_ms_count[30s]))","legendFormat":"qps"}]
    },
    {
      "type":"timeseries",
      "title":"Dense vs Sparse Count (Sample)",
      "id":23,
      "gridPos":{"h":6,"w":6,"x":18,"y":8},
      "targets":[
        {"expr":"sum(rate(retrieval_dense_latency_ms_count[5m]))","legendFormat":"dense_calls"},
        {"expr":"sum(rate(retrieval_sparse_latency_ms_count[5m]))","legendFormat":"sparse_calls"}
      ]
    },
    {
      "type":"row",
      "title":"Errors & Budgets",
      "gridPos":{"h":1,"w":24,"x":0,"y":14}
    },
    {
      "type":"timeseries",
      "title":"Retrieval Error Rate (if instrumented)",
      "id":30,
      "gridPos":{"h":6,"w":6,"x":0,"y":15},
      "targets":[{"expr":"sum(rate(retrieval_errors_total[5m]))/sum(rate(retrieval_latency_ms_count[5m]))","legendFormat":"error_ratio"}],
      "fieldConfig":{"defaults":{"unit":"percentunit","thresholds":{"mode":"absolute","steps":[{"color":"green","value":0},{"color":"yellow","value":0.05},{"color":"red","value":0.1}]}}}
    },
    {
      "type":"timeseries",
      "title":"P95 Hybrid vs Budget (Overlay)",
      "id":31,
      "gridPos":{"h":6,"w":6,"x":6,"y":15},
      "targets":[
        {"expr":"histogram_quantile(0.95,sum(rate(retrieval_latency_ms_bucket[5m])) by (le))","legendFormat":"p95"},
        {"expr":"120","legendFormat":"budget_120ms"}
      ]
    },
    {
      "type":"timeseries",
      "title":"Top Dense Calls CPU (namespace)",
      "id":32,
      "gridPos":{"h":6,"w":6,"x":12,"y":15},
      "targets":[{"expr":"sum(rate(container_cpu_usage_seconds_total{pod=~\".*vector.*\"}[5m]))","legendFormat":"vector-cpu"}]
    },
    {
      "type":"timeseries",
      "title":"Latency Histogram (Hybrid) - Heatmap",
      "id":33,
      "gridPos":{"h":6,"w":6,"x":18,"y":15},
      "type":"heatmap",
      "targets":[{"expr":"sum(rate(retrieval_latency_ms_bucket[5m])) by (le)"}]
    }
  ]
}