{
  "dashboard": {
    "id": null,
    "uid": "sandra-galaxy-main",
    "title": "Sandra Enterprise Overview",
    "tags": ["sandra","galaxy","prod"],
    "timezone": "browser",
    "schemaVersion": 38,
    "version": 1,
    "refresh": "30s",
    "templating": {
      "list": [
        {
          "name": "namespace",
            "type": "query",
            "datasource": "Prometheus",
            "refresh": 2,
            "query": "label_values(kube_pod_info, namespace)",
            "current": { "text": "prod", "value": "prod" }
        }
      ]
    },
    "panels": [
      {
        "type": "row",
        "title": "Latency",
        "collapsed": false,
        "gridPos": { "h":1,"w":24,"x":0,"y":0 }
      },
      {
        "type": "timeseries",
        "title": "Booking Create Latency p95 (ms)",
        "id": 1,
        "datasource": "Prometheus",
        "gridPos": { "h":8,"w":8,"x":0,"y":1 },
        "targets": [
          {
            "expr": "histogram_quantile(0.95, sum(rate(booking_create_latency_ms_bucket[5m])) by (le))",
            "legendFormat": "p95"
          }
        ],
        "fieldConfig": {
          "defaults": { "thresholds": { "mode":"absolute", "steps":[{"color":"green","value":0},{"color":"yellow","value":400},{"color":"red","value":600}] } }
        }
      },
      {
        "type": "timeseries",
        "title": "Retrieval Latency p95 (ms)",
        "id": 2,
        "datasource": "Prometheus",
        "gridPos": { "h":8,"w":8,"x":8,"y":1 },
        "targets": [
          { "expr": "histogram_quantile(0.95, sum(rate(retrieval_latency_ms_bucket[5m])) by (le))", "legendFormat": "p95" }
        ],
        "fieldConfig": {
          "defaults": { "thresholds": { "mode":"absolute","steps":[{"color":"green","value":0},{"color":"yellow","value":120},{"color":"red","value":200}] } }
        }
      },
      {
        "type": "timeseries",
        "title": "TTS First Chunk Latency p95",
        "id": 3,
        "datasource": "Prometheus",
        "gridPos": { "h":8,"w":8,"x":16,"y":1 },
        "targets": [
          { "expr": "histogram_quantile(0.95, sum(rate(tts_first_chunk_latency_bucket[5m])) by (le))", "legendFormat": "p95" }
        ],
        "fieldConfig": {
          "defaults": { "thresholds": { "mode":"absolute","steps":[{"color":"green","value":0},{"color":"yellow","value":350},{"color":"red","value":500}] } }
        }
      },
      {
        "type":"row",
        "title":"Business",
        "collapsed":false,
        "gridPos":{"h":1,"w":24,"x":0,"y":9}
      },
      {
        "type":"timeseries",
        "title":"Bookings Confirmed per 15m",
        "id":4,
        "datasource":"Prometheus",
        "gridPos":{"h":7,"w":6,"x":0,"y":10},
        "targets":[
          {"expr":"sum(increase(bookings_confirmed_total[15m]))","legendFormat":"confirmed"}
        ]
      },
      {
        "type":"timeseries",
        "title":"Payment Success Ratio",
        "id":5,
        "datasource":"Prometheus",
        "gridPos":{"h":7,"w":6,"x":6,"y":10},
        "targets":[
          {"expr":"(sum(rate(payments_success_total[5m])))/(sum(rate(payments_success_total[5m]))+sum(rate(payments_error_total[5m])))","legendFormat":"success_ratio"}
        ],
        "fieldConfig":{
          "defaults":{
            "unit":"percentunit",
            "thresholds":{"mode":"absolute","steps":[{"color":"red","value":0},{"color":"yellow","value":0.85},{"color":"green","value":0.95}]}
          }
        }
      },
      {
        "type":"timeseries",
        "title":"Leads Captured per 15m",
        "id":6,
        "datasource":"Prometheus",
        "gridPos":{"h":7,"w":6,"x":12,"y":10},
        "targets":[
          {"expr":"sum(increase(leads_captured_total[15m]))","legendFormat":"leads"}
        ]
      },
      {
        "type":"timeseries",
        "title":"Edge Cache Hit Ratio",
        "id":7,
        "datasource":"Prometheus",
        "gridPos":{"h":7,"w":6,"x":18,"y":10},
        "targets":[
          {"expr":"sum(rate(edge_cache_hit_total[5m])) / (sum(rate(edge_cache_hit_total[5m])) + sum(rate(edge_cache_miss_total[5m])))","legendFormat":"hit_ratio"}
        ],
        "fieldConfig":{
          "defaults":{
            "unit":"percentunit",
            "thresholds":{"mode":"absolute","steps":[{"color":"red","value":0},{"color":"yellow","value":0.7},{"color":"green","value":0.85}]}
          }
        }
      },
      {
        "type":"row",
        "title":"System Health",
        "collapsed":false,
        "gridPos":{"h":1,"w":24,"x":0,"y":17}
      },
      {
        "type":"timeseries",
        "title":"API 5xx Rate",
        "id":8,
        "datasource":"Prometheus",
        "gridPos":{"h":7,"w":6,"x":0,"y":18},
        "targets":[
          {"expr":"sum(rate(http_requests_total{status=~\"5..\"}[5m]))","legendFormat":"5xx"}
        ]
      },
      {
        "type":"timeseries",
        "title":"Conversation Active Sessions (Gauge)",
        "id":9,
        "datasource":"Prometheus",
        "gridPos":{"h":7,"w":6,"x":6,"y":18},
        "targets":[
          {"expr":"sum(conversation_active_sessions)","legendFormat":"active"}
        ]
      },
      {
        "type":"timeseries",
        "title":"CPU (namespace)",
        "id":10,
        "datasource":"Prometheus",
        "gridPos":{"h":7,"w":6,"x":12,"y":18},
        "targets":[
          {"expr":"sum(rate(container_cpu_usage_seconds_total{namespace=~\"$namespace\"}[5m]))","legendFormat":"cpu"}
        ],
        "fieldConfig":{"defaults":{"unit":"cores"}}
      },
      {
        "type":"timeseries",
        "title":"Memory (namespace)",
        "id":11,
        "datasource":"Prometheus",
        "gridPos":{"h":7,"w":6,"x":18,"y":18},
        "targets":[
          {"expr":"sum(container_memory_working_set_bytes{namespace=~\"$namespace\"})","legendFormat":"mem"}
        ],
        "fieldConfig":{"defaults":{"unit":"bytes"}}
      }
    ]
  },
  "overwrite": true
}