{
  "index_patterns": ["properties_*"],
  "template": {
    "settings": {
      "number_of_shards": 3,
      "analysis": {
        "analyzer": {
          "lang_es": { "type":"standard", "stopwords":"_spanish_" }
        }
      }
    },
    "mappings": {
      "properties": {
        "title": { "type":"text", "analyzer":"lang_es" },
        "description": { "type":"text", "analyzer":"lang_es" },
        "locale": { "type":"keyword" },
        "amenities": { "type":"text" },
        "boost_factor": { "type":"float" }
      }
    }
  }
}