sku,title,price,currency
SKU001,Producto 1,19.99,EUR
SKU002,Producto 2,19.99,EUR
SKU003,Producto 3,19.99,EUR
SKU004,Producto 4,19.99,EUR
SKU005,Producto 5,19.99,EUR
SKU006,Producto 6,19.99,EUR
SKU007,Producto 7,19.99,EUR
SKU008,Producto 8,19.99,EUR
SKU009,Producto 9,19.99,EUR
SKU010,Producto 10,19.99,EUR
SKU011,Producto 11,19.99,EUR
SKU012,Producto 12,19.99,EUR
SKU013,Producto 13,19.99,EUR
SKU014,Producto 14,19.99,EUR
SKU015,Producto 15,19.99,EUR
SKU016,Producto 16,19.99,EUR
SKU017,Producto 17,19.99,EUR
SKU018,Producto 18,19.99,EUR
SKU019,Producto 19,19.99,EUR
SKU020,Producto 20,19.99,EUR
SKU021,Producto 21,19.99,EUR
SKU022,Producto 22,19.99,EUR
SKU023,Producto 23,19.99,EUR
SKU024,Producto 24,19.99,EUR
SKU025,Producto 25,19.99,EUR
SKU026,Producto 26,19.99,EUR
SKU027,Producto 27,19.99,EUR
SKU028,Producto 28,19.99,EUR
SKU029,Producto 29,19.99,EUR
SKU030,Producto 30,19.99,EUR
SKU031,Producto 31,19.99,EUR
SKU032,Producto 32,19.99,EUR
SKU033,Producto 33,19.99,EUR
SKU034,Producto 34,19.99,EUR
SKU035,Producto 35,19.99,EUR
SKU036,Producto 36,19.99,EUR
SKU037,Producto 37,19.99,EUR
SKU038,Producto 38,19.99,EUR
SKU039,Producto 39,19.99,EUR
SKU040,Producto 40,19.99,EUR
SKU041,Producto 41,19.99,EUR
SKU042,Producto 42,19.99,EUR
SKU043,Producto 43,19.99,EUR
SKU044,Producto 44,19.99,EUR
SKU045,Producto 45,19.99,EUR
SKU046,Producto 46,19.99,EUR
SKU047,Producto 47,19.99,EUR
SKU048,Producto 48,19.99,EUR
SKU049,Producto 49,19.99,EUR
SKU050,Producto 50,19.99,EUR
