{
  "project_code": "CTS-MEGA-CONTRACT-700K-PRODUCTION",
  "classification": "Board Executive Decision \u2014 Shareholder Investment Recovery",
  "date": "2025-09-05",
  "timezone": "Europe/Madrid",
  "client": {
    "tier": "Fortune 10",
    "immediate_order": 300000,
    "contract_value_eur": "36B"
  },
  "capacity": {
    "monthly_required": 700000,
    "daily_target": 25000,
    "parallel_workers": 200
  },
  "streams": {
    "mega_production": {
      "total": 400000,
      "roles": {
        "rapid_creation_specialists": 150000,
        "quality_control_managers": 100000,
        "delivery_automation": 100000,
        "performance_optimization": 50000
      }
    },
    "github_infrastructure": {
      "total": 200000,
      "roles": {
        "senior_architects": 60000,
        "full_stack_developers": 80000,
        "devops_specialists": 60000
      }
    },
    "cio_autonomous_team": {
      "total": 100000,
      "roles": {
        "strategic_planners": 30000,
        "client_relationship_managers": 25000,
        "board_coordinators": 20000,
        "innovation_leaders": 25000
      }
    }
  },
  "subjects_prefix": "org.claytom.mega"
}