{
  "name": "postgres-booking-cdc",
  "config": {
    "connector.class": "io.debezium.connector.postgresql.PostgresConnector",
    "database.hostname": "postgres",
    "database.port": "5432",
    "database.user": "dbz",
    "database.password": "dbzpass",
    "database.dbname": "sandra",
    "database.server.name": "sandra_pg",
    "table.include.list": "public.Booking",
    "plugin.name": "pgoutput",
    "slot.name": "booking_slot",
    "topic.prefix": "cdc",
    "tombstones.on.delete": "false"
  }
}